reaction,event_count
DRUG INEFFECTIVE,1299291
OFF LABEL USE,856383
DEATH,849880
NAUSEA,778541
FATIGUE,766572
DIARRHOEA,634724
HEADACHE,617855
PAIN,607174
DYSPNOEA,558129
DIZZINESS,491281
VOMITING,462654
MALAISE,433770
RASH,427881
ARTHRALGIA,408882
PRURITUS,372951
ASTHENIA,371064
PYREXIA,341658
FALL,328091
PNEUMONIA,318972
INJECTION SITE PAIN,299525
CONDITION AGGRAVATED,297972
PAIN IN EXTREMITY,291264
ANXIETY,281520
PRODUCT DOSE OMISSION ISSUE,280971
COUGH,276106
WEIGHT DECREASED,275342
INSOMNIA,263239
PRODUCT USE IN UNAPPROVED INDICATION,241070
FEELING ABNORMAL,237396
ABDOMINAL PAIN,229412
BACK PAIN,229402
DECREASED APPETITE,228553
DEPRESSION,225509
INCORRECT DOSE ADMINISTERED,221935
WEIGHT INCREASED,219846
OVERDOSE,213781
CONSTIPATION,213540
HYPERTENSION,209231
ABDOMINAL PAIN UPPER,202725
ERYTHEMA,202580
WRONG TECHNIQUE IN PRODUCT USAGE PROCESS,199314
SOMNOLENCE,198395
HYPOTENSION,197643
ALOPECIA,194177
DRUG HYPERSENSITIVITY,191657
GAIT DISTURBANCE,189410
ANAEMIA,188335
BLOOD GLUCOSE INCREASED,186668
PRODUCT USE ISSUE,184493
CHEST PAIN,183130
HYPERSENSITIVITY,182921
NASOPHARYNGITIS,182291
MUSCLE SPASMS,181136
NO ADVERSE EVENT,175032
COVID-19,174599
INAPPROPRIATE SCHEDULE OF PRODUCT ADMINISTRATION,174471
MYOCARDIAL INFARCTION,173511
URINARY TRACT INFECTION,167833
CEREBROVASCULAR ACCIDENT,167808
MYALGIA,167742
TOXICITY TO VARIOUS AGENTS,165620
DRUG DOSE OMISSION,165476
ABDOMINAL DISCOMFORT,164950
URTICARIA,164226
TREMOR,164055
DRUG DEPENDENCE,160529
CONFUSIONAL STATE,159771
DRUG INTERACTION,156584
PARAESTHESIA,155623
PERIPHERAL SWELLING,151425
BLOOD PRESSURE INCREASED,151205
HOSPITALISATION,150366
ACUTE KIDNEY INJURY,150299
HYPOAESTHESIA,147879
INFECTION,142277
MEMORY IMPAIRMENT,135738
VISION BLURRED,134807
NEUTROPENIA,133698
PRODUCT QUALITY ISSUE,133026
RENAL FAILURE,132021
DEHYDRATION,131635
DRY SKIN,129816
PSORIASIS,129020
HYPERHIDROSIS,127254
LOSS OF CONSCIOUSNESS,126544
INJECTION SITE ERYTHEMA,121814
VISUAL IMPAIRMENT,121405
OEDEMA PERIPHERAL,120713
EMOTIONAL DISTRESS,119905
JOINT SWELLING,118886
DISEASE PROGRESSION,116363
CHILLS,115869
PALPITATIONS,115456
GENERAL PHYSICAL HEALTH DETERIORATION,113368
SEIZURE,113255
MUSCULAR WEAKNESS,112152
RHEUMATOID ARTHRITIS,111582
ASTHMA,110615
INFLUENZA,110352
SEPSIS,110122
THROMBOCYTOPENIA,110034
WHITE BLOOD CELL COUNT DECREASED,107085
PLATELET COUNT DECREASED,105112
HAEMORRHAGE,103169
ABDOMINAL DISTENSION,102597
HAEMOGLOBIN DECREASED,101543
SINUSITIS,101429
FLUSHING,100770
CHEST DISCOMFORT,100632
MALIGNANT NEOPLASM PROGRESSION,100523
ILLNESS,99156
SYNCOPE,98794
ACCIDENTAL EXPOSURE TO PRODUCT,98588
HEART RATE INCREASED,97730
DYSPEPSIA,96805
ATRIAL FIBRILLATION,96262
DRUG INTOLERANCE,94983
CONTUSION,94869
PULMONARY EMBOLISM,94212
MIGRAINE,93627
DYSPHAGIA,93403
NEUROPATHY PERIPHERAL,93289
BREAST CANCER,92818
CARDIAC DISORDER,92681
SWELLING,92154
OROPHARYNGEAL PAIN,91377
ADVERSE EVENT,90942
SUICIDAL IDEATION,90453
ADVERSE DRUG REACTION,88291
TACHYCARDIA,87680
DRUG WITHDRAWAL SYNDROME,87546
GASTROINTESTINAL DISORDER,87234
MATERNAL EXPOSURE DURING PREGNANCY,87040
INTENTIONAL PRODUCT USE ISSUE,86792
MUSCULOSKELETAL STIFFNESS,86517
DEVICE ISSUE,86107
INTENTIONAL PRODUCT MISUSE,85716
BALANCE DISORDER,85436
PRODUCT STORAGE ERROR,85392
COMPLETED SUICIDE,83035
GASTROINTESTINAL HAEMORRHAGE,82983
RENAL IMPAIRMENT,82567
DRUG ABUSE,82554
SKIN EXFOLIATION,82006
CARDIAC ARREST,81763
INFLUENZA LIKE ILLNESS,81550
TREATMENT FAILURE,81002
FOETAL EXPOSURE DURING PREGNANCY,80187
PROSTATE CANCER,80144
CARDIAC FAILURE CONGESTIVE,80021
DRY MOUTH,79922
THROMBOSIS,79616
CARDIAC FAILURE,79295
GASTROOESOPHAGEAL REFLUX DISEASE,79124
INJECTION SITE HAEMORRHAGE,78301
INJECTION SITE BRUISING,77817
ARTHRITIS,77751
CHRONIC KIDNEY DISEASE,75643
DRUG DOSE OMISSION BY DEVICE,75594
DIABETES MELLITUS,75569
ACNE,75180
INJECTION SITE SWELLING,74774
UNEVALUABLE EVENT,74671
HOT FLUSH,74390
HALLUCINATION,73967
EPISTAXIS,73965
DYSGEUSIA,73698
BRONCHITIS,73421
AGITATION,72683
UNDERDOSE,72106
RESPIRATORY FAILURE,72022
INAPPROPRIATE SCHEDULE OF DRUG ADMINISTRATION,71212
STRESS,70987
MOBILITY DECREASED,70680
SKIN BURNING SENSATION,70201
THERAPEUTIC PRODUCT EFFECT INCOMPLETE,69782
INJURY,69732
BURNING SENSATION,69200
SLEEP DISORDER,69049
MULTIPLE SCLEROSIS RELAPSE,68222
THERAPY INTERRUPTED,68083
INJECTION SITE REACTION,67721
HEPATIC ENZYME INCREASED,67067
DEVICE MALFUNCTION,66309
NEOPLASM MALIGNANT,65811
INJECTION SITE PRURITUS,65676
BLOOD PRESSURE DECREASED,65450
PRODUCT DOSE OMISSION,65353
FEBRILE NEUTROPENIA,65349
DEVICE DIFFICULT TO USE,65212
INFUSION RELATED REACTION,65187
BLOOD CREATININE INCREASED,64545
AMNESIA,64473
DEEP VEIN THROMBOSIS,64461
DEVICE EXPULSION,64357
SWELLING FACE,64178
RHINORRHOEA,63603
INTENTIONAL OVERDOSE,62913
EXPOSURE DURING PREGNANCY,61367
ALANINE AMINOTRANSFERASE INCREASED,60622
Abdominal pain,
Adenoviral haemorrhagic cystitis,
Amniotic cavity infection,
Anaemia,
Angioedema,
Anorectal discomfort,
Anxiety,
Arthralgia,
Asthenia,
Back pain,
Biliary tract disorder,
Blood creatinine increased,
Blood pressure increased,
C-reactive protein increased,
Cerebrovascular accident,
Chemical poisoning,
Cholecystectomy,
Cough,
DRUG ADMINISTRATION ERROR,
Death,
Device dislocation,
Diarrhoea,
Dizziness,
Drug hypersensitivity,
Drug ineffective,
Dry mouth,
Dyspepsia,
Dysphonia,
Dyspnoea,
Dyspnoea exertional,
Dysuria,
Emotional disorder,
Emotional distress,
Epistaxis,
Face oedema,
Fall,
Fatigue,
Feeling abnormal,
Fluid retention,
General physical health deterioration,
Haematoma,
Haemoptysis,
Headache,
Hepatic enzyme increased,
Hiccups,
Hypotension,
Hypoxia,
International normalised ratio increased,
Jaundice,
Laryngeal oedema,
Listeriosis,
Liver disorder,
Liver function test abnormal,
Localised oedema,
Lymphadenopathy,
Malaise,
Maternal exposure during pregnancy,
Meconium stain,
Meningitis,
Mental status changes,
Metastases to liver,
Metastases to lung,
Metastases to retroperitoneum,
Metastases to spine,
Metastases to thorax,
Myalgia,
Nail toxicity,
Nasal congestion,
Nasal dryness,
Neck pain,
Nephrolithiasis,
Neuropathy peripheral,
Ocular hyperaemia,
Oedema,
Oedema peripheral,
Overdose,
Pain,
Pain in extremity,
Palmar-plantar erythrodysaesthesia syndrome,
Pancreatic carcinoma metastatic,
Paraesthesia,
Peripheral venous disease,
Pleural effusion,
Pneumonia,
Pneumonia staphylococcal,
Proctalgia,
Product quality issue,
Prostate cancer,
Pruritus,
Pyrexia,
Rash generalised,
Rectal haemorrhage,
Renal cyst,
Renal impairment,
Respiratory failure,
Rhinorrhoea,
Skin toxicity,
Swelling,
Swollen tongue,
Throat irritation,
Thrombocytopenia,
Tremor,
Tuberculosis of central nervous system,
Type IV hypersensitivity reaction,
Unevaluable event,
Vomiting,
Weight decreased,
