fdc_id,food_description,data_type,publication_date,food_category_id
321358,"Hummus, commercial",foundation_food,2019-04-01,16
321360,"Tomatoes, grape, raw",foundation_food,2019-04-01,11
321611,"Beans, snap, green, canned, regular pack, drained solids",foundation_food,2019-04-01,11
323121,"Frankfurter, beef, unheated",foundation_food,2019-04-01,7
323294,"Nuts, almonds, dry roasted, with salt added",foundation_food,2019-04-01,12
323505,"Kale, raw",foundation_food,2019-04-01,11
323604,"Egg, whole, raw, frozen, pasteurized",foundation_food,2019-04-01,1
323697,"Egg, white, raw, frozen, pasteurized",foundation_food,2019-04-01,1
323793,"Egg, white, dried",foundation_food,2019-04-01,1
324317,"Onion rings, breaded, par fried, frozen, prepared, heated in oven",foundation_food,2019-04-01,11
324653,"Pickles, cucumber, dill or kosher dill",foundation_food,2019-04-01,11
325036,"Cheese, parmesan, grated",foundation_food,2019-04-01,1
325198,"Cheese, pasteurized process, American, vitamin D fortified",foundation_food,2019-04-01,1
325287,"Grapefruit juice, white, canned or bottled, unsweetened",foundation_food,2019-04-01,9
325430,"Peaches, yellow, raw",foundation_food,2019-04-01,9
325524,"Seeds, sunflower seed kernels, dry roasted, with salt added",foundation_food,2019-04-01,12
326196,"Kale, frozen, cooked, boiled, drained, without salt",foundation_food,2019-04-01,11
326698,"Mustard, prepared, yellow",foundation_food,2019-04-01,2
327046,"Kiwifruit, green, raw",foundation_food,2019-04-01,9
327357,"Nectarines, raw",foundation_food,2019-04-01,9
328637,"Cheese, cheddar",foundation_food,2019-04-01,1
328841,"Cheese, cottage, lowfat, 2% milkfat",foundation_food,2019-04-01,1
329370,"Cheese, mozzarella, low moisture, part-skim",foundation_food,2019-04-01,1
329490,"Egg, whole, dried",foundation_food,2019-04-01,1
329596,"Egg, yolk, raw, frozen, pasteurized",foundation_food,2019-04-01,1
329716,"Egg, yolk, dried",foundation_food,2019-04-01,1
330137,"Yogurt, Greek, plain, nonfat",foundation_food,2019-04-01,1
330415,"Yogurt, Greek, strawberry, nonfat",foundation_food,2019-04-01,1
330458,"Oil, coconut",foundation_food,2019-04-01,4
331897,"Chicken, broilers or fryers, drumstick, meat only, cooked, braised",foundation_food,2019-04-01,5
331960,"Chicken, broiler or fryers, breast, skinless, boneless, meat only, cooked, braised",foundation_food,2019-04-01,5
332282,"Sauce, pasta, spaghetti/marinara, ready-to-serve",foundation_food,2019-04-01,6
332397,"Ham, sliced, pre-packaged, deli meat (96%fat free, water added)",foundation_food,2019-04-01,7
332791,"Olives, green, Manzanilla, stuffed with pimiento",foundation_food,2019-04-01,9
333008,"Cookies, oatmeal, soft, with raisins",foundation_food,2019-04-01,18
333281,"Tomatoes, canned, red, ripe, diced",foundation_food,2019-04-01,11
333374,"Fish, haddock, raw",foundation_food,2019-04-01,15
333476,"Fish, pollock, raw",foundation_food,2019-04-01,15
334194,"Fish, tuna, light, canned in water, drained solids",foundation_food,2019-04-01,15
334536,"Restaurant, Chinese, fried rice, without meat",foundation_food,2019-04-01,25
334628,"Restaurant, Latino, tamale, pork",foundation_food,2019-04-01,25
334720,"Restaurant, Latino, pupusas con frijoles (pupusas, bean)",foundation_food,2019-04-01,25
746758,"Beef, loin, tenderloin roast, separable lean only, boneless, trimmed to 0"" fat, select, cooked, roasted",foundation_food,2019-12-16,13
746759,"Beef, loin, top loin steak, boneless, lip-on, separable lean only, trimmed to 1/8"" fat, choice, raw",foundation_food,2019-12-16,13
746760,"Beef, round, eye of round roast, boneless, separable lean only, trimmed to 0"" fat, select, raw",foundation_food,2019-12-16,13
746761,"Beef, round, top round roast, boneless, separable lean only, trimmed to 0"" fat, select, raw",foundation_food,2019-12-16,13
746762,"Beef, short loin, porterhouse steak, separable lean only, trimmed to 1/8"" fat, select, raw",foundation_food,2019-12-16,13
746763,"Beef, short loin, t-bone steak, bone-in, separable lean only, trimmed to 1/8"" fat, choice, cooked, grilled",foundation_food,2019-12-16,13
746764,"Carrots, frozen, unprepared",foundation_food,2019-12-16,11
746765,"Cheese, dry white, queso seco",foundation_food,2019-12-16,1
746766,"Cheese, ricotta, whole milk",foundation_food,2019-12-16,1
746767,"Cheese, swiss",foundation_food,2019-12-16,1
746768,"Figs, dried, uncooked",foundation_food,2019-12-16,9
746769,"Lettuce, cos or romaine, raw",foundation_food,2019-12-16,11
746770,"Melons, cantaloupe, raw",foundation_food,2019-12-16,9
746771,"Oranges, raw, navels",foundation_food,2019-12-16,9
746772,"Milk, lowfat, fluid, 1% milkfat, with added vitamin A and vitamin D",foundation_food,2019-12-16,1
746773,"Pears, raw, bartlett",foundation_food,2019-12-16,9
746774,"Restaurant, Chinese, sweet and sour pork",foundation_food,2019-12-16,25
746775,"Salt, table, iodized",foundation_food,2019-12-16,2
746776,"Milk, nonfat, fluid, with added vitamin A and vitamin D (fat free or skim)",foundation_food,2019-12-16,1
746777,"Sauce, salsa, ready-to-serve",foundation_food,2019-12-16,6
746778,"Milk, reduced fat, fluid, 2% milkfat, with added vitamin A and vitamin D",foundation_food,2019-12-16,1
746779,"Sausage, breakfast sausage, beef, pre-cooked, unprepared",foundation_food,2019-12-16,7
746780,"Sausage, Italian, pork, mild, cooked, pan-fried",foundation_food,2019-12-16,7
746781,"Sausage, pork, chorizo, link or ground, cooked, pan-fried",foundation_food,2019-12-16,7
746782,"Milk, whole, 3.25% milkfat, with added vitamin D",foundation_food,2019-12-16,1
746783,"Sausage, turkey, breakfast links, mild, raw",foundation_food,2019-12-16,7
746784,"Sugars, granulated",foundation_food,2019-12-16,19
746785,"Turkey, ground, 93% lean, 7% fat, pan-broiled crumbles",foundation_food,2019-12-16,5
746952,"Ham, sliced, restaurant",foundation_food,2019-12-16,10
747429,"Cheese, American, restaurant",foundation_food,2019-12-16,1
747430,"Beans, Dry, Medium Red (0% moisture)",foundation_food,2019-12-16,16
747431,"Beans, Dry, Red (0% moisture)",foundation_food,2019-12-16,16
747432,"Beans, Dry, Flor de Mayo (0% moisture)",foundation_food,2019-12-16,16
747433,"Beans, Dry, Brown (0% moisture)",foundation_food,2019-12-16,16
747434,"Beans, Dry, Tan (0% moisture)",foundation_food,2019-12-16,16
747435,"Beans, Dry, Light Tan (0% moisture)",foundation_food,2019-12-16,16
747436,"Beans, Dry, Carioca (0% moisture)",foundation_food,2019-12-16,16
747437,"Beans, Dry, Cranberry (0% moisture)",foundation_food,2019-12-16,16
747438,"Beans, Dry, Light Red Kidney (0% moisture)",foundation_food,2019-12-16,16
747439,"Beans, Dry, Pink (0% moisture)",foundation_food,2019-12-16,16
747440,"Beans, Dry, Dark Red Kidney (0% moisture)",foundation_food,2019-12-16,16
747441,"Beans, Dry, Navy (0% moisture)",foundation_food,2019-12-16,16
747442,"Beans, Dry, Small White (0% moisture)",foundation_food,2019-12-16,16
747443,"Beans, Dry, Small Red (0% moisture)",foundation_food,2019-12-16,16
747444,"Beans, Dry, Black (0% moisture)",foundation_food,2019-12-16,16
747445,"Beans, Dry, Pinto (0% moisture)",foundation_food,2019-12-16,16
747446,"Beans, Dry, Great Northern (0% moisture)",foundation_food,2019-12-16,16
747447,"Broccoli, raw",foundation_food,2019-12-16,11
747693,"Ketchup, restaurant",foundation_food,2019-12-16,11
747997,"Eggs, Grade A, Large, egg white",foundation_food,2019-12-16,1
748236,"Eggs, Grade A, Large, egg yolk",foundation_food,2019-12-16,1
748278,"Oil, canola",foundation_food,2019-12-16,4
748323,"Oil, corn",foundation_food,2019-12-16,4
748366,"Oil, soybean",foundation_food,2019-12-16,4
748608,"Oil, olive, extra virgin",foundation_food,2019-12-16,4
748967,"Eggs, Grade A, Large, egg whole",foundation_food,2019-12-16,1
749420,"Pork, cured, bacon, cooked, restaurant",foundation_food,2019-12-16,10
789828,"Butter, stick, unsalted",foundation_food,2020-04-01,1
789890,"Flour, wheat, all-purpose, enriched, bleached",foundation_food,2020-04-01,20
789951,"Flour, wheat, all-purpose, enriched, unbleached",foundation_food,2020-04-01,20
790018,"Flour, wheat, all-purpose, unenriched, unbleached",foundation_food,2020-04-01,20
790085,"Flour, whole wheat, unenriched",foundation_food,2020-04-01,20
790146,"Flour, bread, white, enriched, unbleached",foundation_food,2020-04-01,20
790214,"Flour, rice, white, unenriched",foundation_food,2020-04-01,20
790276,"Flour, corn, yellow, fine meal, enriched",foundation_food,2020-04-01,20
790508,"Butter, stick, salted",foundation_food,2020-04-01,1
790577,"Onions, red, raw",foundation_food,2020-04-01,11
790646,"Onions, yellow, raw",foundation_food,2020-04-01,11
1104647,"Garlic, raw",foundation_food,2020-10-30,11
1104705,"Flour, soy, defatted",foundation_food,2020-10-30,16
1104766,"Flour, soy, full-fat",foundation_food,2020-10-30,16
1104812,"Flour, rice, brown",foundation_food,2020-10-30,20
1104867,"Flour, rice, glutinous",foundation_food,2020-10-30,20
1104913,"Flour, pastry, unenriched, unbleached",foundation_food,2020-10-30,20
1104962,"Onions, white, raw",foundation_food,2020-10-30,11
1105073,"Bananas, overripe, raw",foundation_food,2020-04-01,9
1105314,"Bananas, ripe and slightly ripe, raw",foundation_food,2020-04-01,9
1750339,"Apples, red delicious, with skin, raw",foundation_food,2020-10-30,9
1750340,"Apples, fuji, with skin, raw",foundation_food,2020-10-30,9
1750341,"Apples, gala, with skin, raw",foundation_food,2020-10-30,9
1750342,"Apples, granny smith, with skin, raw",foundation_food,2020-10-30,9
1750343,"Apples, honeycrisp, with skin, raw",foundation_food,2020-10-30,9
1750348,"Oil, peanut",foundation_food,2021-04-28,4
1750349,"Oil, sunflower",foundation_food,2021-04-28,4
1750350,"Oil, safflower",foundation_food,2021-04-28,4
1750351,"Oil, olive, extra light",foundation_food,2021-04-28,4
1999626,"Mushroom, lion's mane",foundation_food,2021-10-28,11
1999627,"Mushroom, oyster",foundation_food,2021-10-28,11
1999628,"Mushrooms, shiitake",foundation_food,2021-10-28,11
1999629,"Mushrooms, white button",foundation_food,2021-10-28,11
1999630,"Soy milk, unsweetened, plain, shelf stable",foundation_food,2021-10-28,16
1999631,"Almond milk, unsweetened, plain, shelf stable",foundation_food,2021-10-28,14
1999632,"Spinach, baby",foundation_food,2021-10-28,11
1999633,"Spinach, mature",foundation_food,2021-10-28,11
1999634,"Tomato, roma",foundation_food,2021-10-28,11
2003586,"Flour, 00",foundation_food,2021-10-28,20
2003587,"Flour, spelt, whole grain",foundation_food,2021-10-28,20
2003588,"Flour, semolina, coarse and semi-coarse",foundation_food,2021-10-28,20
2003589,"Flour, semolina, fine",foundation_food,2021-10-28,20
2003590,"Apple juice, with added vitamin C, from concentrate, shelf stable",foundation_food,2021-10-28,9
2003591,"Orange juice, no pulp, not fortified, from concentrate, refrigerated",foundation_food,2021-10-28,9
2003592,"Grape juice, purple, with added vitamin C, from concentrate, shelf stable",foundation_food,2021-10-28,9
2003593,"Grape juice, white, with added vitamin C, from concentrate, shelf stable",foundation_food,2021-10-28,9
2003594,"Cranberry juice, not fortified, from concentrate, shelf stable",foundation_food,2021-10-28,9
2003595,"Grapefruit juice, red, not fortified, not from concentrate, refrigerated",foundation_food,2021-10-28,9
2003596,"Tomato juice, with added ingredients, from concentrate, shelf stable",foundation_food,2021-10-28,11
2003597,"Orange juice, no pulp, not fortified, not from concentrate, refrigerated",foundation_food,2021-10-28,9
2003598,"Mushroom, portabella",foundation_food,2021-10-28,11
2003599,"Mushroom, king oyster",foundation_food,2021-10-28,11
2003600,"Mushroom, enoki",foundation_food,2021-10-28,11
2003601,"Mushroom, crimini",foundation_food,2021-10-28,11
2003602,"Mushroom, maitake",foundation_food,2021-10-28,11
2003603,"Mushroom, beech",foundation_food,2021-10-28,11
2003604,"Mushroom, pioppini",foundation_food,2021-10-28,11
2257044,"Soy milk, sweetened, plain, refrigerated",foundation_food,2022-04-28,16
2257045,"Almond milk, unsweetened, plain, refrigerated",foundation_food,2022-04-28,14
2257046,"Oat milk, unsweetened, plain, refrigerated",foundation_food,2022-04-28,14
2258586,"Carrots, mature, raw",foundation_food,2022-04-28,11
2258587,"Carrots, baby, raw",foundation_food,2022-04-28,11
2258588,"Peppers, bell, green, raw",foundation_food,2022-04-28,11
2258589,"Peppers, bell, yellow, raw",foundation_food,2022-04-28,11
2258590,"Peppers, bell, red, raw",foundation_food,2022-04-28,11
2258591,"Peppers, bell, orange, raw",foundation_food,2022-04-28,11
2259792,"Buttermilk, low fat",foundation_food,2022-04-28,1
2259793,"Yogurt, plain, whole milk",foundation_food,2022-04-28,1
2259794,"Yogurt, Greek, plain, whole milk",foundation_food,2022-04-28,1
2259795,"Cheese, parmesan, grated, refrigerated",foundation_food,2022-04-28,1
2259796,"Cheese, feta, whole milk, crumbled",foundation_food,2022-04-28,1
2261420,"Flour, almond",foundation_food,2022-04-28,12
2261421,"Flour, oat, whole grain",foundation_food,2022-04-28,20
2261422,"Flour, potato",foundation_food,2022-04-28,11
2262072,"Peanut butter, creamy",foundation_food,2022-04-28,16
2262073,"Sesame butter, creamy",foundation_food,2022-04-28,12
2262074,"Almond butter, creamy",foundation_food,2022-04-28,12
2262075,"Flaxseed, ground",foundation_food,2022-04-28,12
2346384,"Cottage cheese, full fat, large or small curd",foundation_food,2022-10-28,1
2346385,"Cream cheese, full fat, block",foundation_food,2022-10-28,1
2346386,"Cream, heavy",foundation_food,2022-10-28,1
2346387,"Cream, sour, full fat",foundation_food,2022-10-28,1
2346388,"Lettuce, iceberg, raw",foundation_food,2022-10-28,11
2346389,"Lettuce, romaine, green, raw",foundation_food,2022-10-28,11
2346390,"Lettuce, leaf, red, raw",foundation_food,2022-10-28,11
2346391,"Lettuce, leaf, green, raw",foundation_food,2022-10-28,11
2346392,"Nuts, pine nuts, raw",foundation_food,2022-10-28,12
2346393,"Nuts, almonds, whole, raw",foundation_food,2022-10-28,12
2346394,"Nuts, walnuts, English, halves, raw",foundation_food,2022-10-28,12
2346395,"Nuts, pecans, halves, raw",foundation_food,2022-10-28,12
2346396,"Oats, whole grain, rolled, old fashioned",foundation_food,2022-10-28,20
2346397,"Oats, whole grain, steel cut",foundation_food,2022-10-28,20
2346398,"Pineapple, raw",foundation_food,2022-10-28,9
2346399,"Cherries, sweet, dark red, raw",foundation_food,2022-10-28,9
2346400,"Beans, snap, green, raw",foundation_food,2022-10-28,11
2346401,"Potatoes, russet, without skin, raw",foundation_food,2022-10-28,11
2346402,"Potatoes, red, without skin, raw",foundation_food,2022-10-28,11
2346403,"Potatoes, gold, without skin, raw",foundation_food,2022-10-28,11
2346404,"Sweet potatoes, orange flesh, without skin, raw",foundation_food,2022-10-28,11
2346405,"Celery, raw",foundation_food,2022-10-28,11
2346406,"Cucumber, with peel, raw",foundation_food,2022-10-28,11
2346407,"Cabbage, green, raw",foundation_food,2022-10-28,11
2346408,"Cabbage, red, raw",foundation_food,2022-10-28,11
2346409,"Strawberries, raw",foundation_food,2022-10-28,9
2346410,"Raspberries, raw",foundation_food,2022-10-28,9
2346411,"Blueberries, raw",foundation_food,2022-10-28,9
2346412,"Grapes, red, seedless, raw",foundation_food,2022-10-28,9
2346413,"Grapes, green, seedless, raw",foundation_food,2022-10-28,9
2346414,"Applesauce, unsweetened, with added vitamin C",foundation_food,2022-10-28,9
2512371,"Flour, amaranth",foundation_food,2023-04-20,20
2512372,"Flour, quinoa",foundation_food,2023-04-20,20
2512373,"Flour, sorghum",foundation_food,2023-04-20,20
2512374,"Flour, buckwheat",foundation_food,2023-04-20,20
2512375,"Flour, rye",foundation_food,2023-04-20,20
2512376,"Flour, barley",foundation_food,2023-04-20,20
2512377,"Flour, cassava",foundation_food,2023-04-20,11
2512378,"Buckwheat, whole grain",foundation_food,2023-04-20,20
2512379,"Millet, whole grain",foundation_food,2023-04-20,20
2512380,"Rice, brown, long grain, unenriched, raw",foundation_food,2023-04-20,20
2512381,"Rice, white, long grain, unenriched, raw",foundation_food,2023-04-20,20
2514743,"Beef, ground, 90% lean meat / 10% fat, raw",foundation_food,2023-04-20,13
2514744,"Beef, ground, 80% lean meat / 20% fat, raw",foundation_food,2023-04-20,13
2514745,"Pork, ground, raw",foundation_food,2023-04-20,10
2514746,"Chicken, ground, with additives, raw",foundation_food,2023-04-20,5
2514747,"Turkey, ground, 93% lean/ 7% fat, raw",foundation_food,2023-04-20,5
2515373,"Nuts, brazilnuts, raw",foundation_food,2023-04-20,12
2515374,"Nuts, cashew nuts, raw",foundation_food,2023-04-20,12
2515375,"Nuts, hazelnuts or filberts, raw",foundation_food,2023-04-20,12
2515376,"Peanuts, raw",foundation_food,2023-04-20,16
2515377,"Flour, chestnut",foundation_food,2023-04-20,12
2515378,"Nuts, macadamia nuts, raw",foundation_food,2023-04-20,12
2515379,"Nuts, pistachio nuts, raw",foundation_food,2023-04-20,12
2515380,"Seeds, pumpkin seeds (pepitas), raw",foundation_food,2023-04-20,12
2515381,"Seeds, sunflower seed, kernel, raw",foundation_food,2023-04-20,12
2515382,"Flour, coconut",foundation_food,2023-04-20,12
2644281,"Beans, cannellini, dry",foundation_food,2023-10-26,16
2644282,"Chickpeas, (garbanzo beans, bengal gram), dry",foundation_food,2023-10-26,16
2644283,"Lentils, dry",foundation_food,2023-10-26,16
2644284,"Blackeye pea, dry",foundation_food,2023-10-26,16
2644285,"Beans, black, canned, sodium added, drained and rinsed",foundation_food,2023-10-26,16
2644286,"Beans, navy, canned, sodium added, drained and rinsed",foundation_food,2023-10-26,16
2644287,"Beans, cannellini, canned, sodium added, drained and rinsed",foundation_food,2023-10-26,16
2644288,"Chickpeas (garbanzo beans, bengal gram), canned, sodium added, drained and rinsed",foundation_food,2023-10-26,16
2644289,"Beans, kidney, dark red, canned, sodium added, sugar added, drained and rinsed",foundation_food,2023-10-26,16
2644290,"Beans, kidney, light red, canned, sodium added, sugar added, drained and rinsed",foundation_food,2023-10-26,16
2644291,"Peas, green, sweet, canned, sodium added, sugar added, drained and rinsed",foundation_food,2023-10-26,11
2644292,"Beans, pinto, canned, sodium added, drained and rinsed",foundation_food,2023-10-26,16
2644293,"Blackeye pea, canned, sodium added, drained and rinsed",foundation_food,2023-10-26,16
2644294,"Beans, great northern, canned, sodium added, drained and rinsed",foundation_food,2023-10-26,16
2646168,"Pork, loin, boneless, raw",foundation_food,2023-10-26,10
2646169,"Pork, loin, tenderloin, boneless, raw",foundation_food,2023-10-26,10
2646170,"Chicken, breast, boneless, skinless, raw",foundation_food,2023-10-26,5
2646171,"Chicken, thigh, boneless, skinless, raw",foundation_food,2023-10-26,5
2646172,"Beef, ribeye, steak, boneless, choice, raw",foundation_food,2023-10-26,13
2646173,"Beef, round, top round, boneless, choice, raw",foundation_food,2023-10-26,13
2646174,"Beef, chuck, roast, boneless, choice, raw",foundation_food,2023-10-26,13
2646175,"Beef, flank, steak, boneless, choice, raw",foundation_food,2023-10-26,13
2647437,"Yogurt, plain, nonfat",foundation_food,2023-10-26,1
2647438,"Cheese, monterey jack, solid",foundation_food,2023-10-26,1
2647439,"Cheese, pasteurized process cheese food or product, American, singles",foundation_food,2023-10-26,1
2647440,"Cheese, provolone, sliced",foundation_food,2023-10-26,1
2647441,"Cheese, oaxaca, solid",foundation_food,2023-10-26,1
2647442,"Cheese, queso fresco, solid",foundation_food,2023-10-26,1
2647443,"Cheese, cotija, solid",foundation_food,2023-10-26,1
2684440,"Fish, salmon, sockeye, wild caught, raw",foundation_food,2024-04-18,15
2684441,"Fish, salmon, Atlantic, farm raised, raw",foundation_food,2024-04-18,15
2684442,"Fish, tilapia, farm raised, raw",foundation_food,2024-04-18,15
2684443,"Crustaceans, shrimp, farm raised, raw",foundation_food,2024-04-18,15
2684444,"Fish, cod, Atlantic, wild caught, raw",foundation_food,2024-04-18,15
2684445,"Fish, catfish, farm raised, raw",foundation_food,2024-04-18,15
2684446,"Crustaceans, crab, blue swimming, lump, pasteurized, refrigerated",foundation_food,2024-04-18,15
2685568,"Squash, summer, green, zucchini, includes skin, raw",foundation_food,2024-04-18,11
2685569,"Squash, summer, yellow, includes skin, raw",foundation_food,2024-04-18,11
2685570,"Squash, winter, butternut, raw",foundation_food,2024-04-18,11
2685571,"Squash, winter, acorn, raw",foundation_food,2024-04-18,11
2685572,"Cabbage, bok choy, raw",foundation_food,2024-04-18,11
2685573,"Cauliflower, raw",foundation_food,2024-04-18,11
2685574,"Collards, raw",foundation_food,2024-04-18,11
2685575,"Brussels sprouts, raw",foundation_food,2024-04-18,11
2685576,"Beets, raw",foundation_food,2024-04-18,11
2685577,"Eggplant, raw",foundation_food,2024-04-18,11
2685578,"Tomatoes, whole, canned, solids and liquids, with salt added",foundation_food,2024-04-18,11
2685579,"Tomato, sauce, canned, with salt added",foundation_food,2024-04-18,11
2685580,"Tomato, paste, canned, without salt added",foundation_food,2024-04-18,11
2685581,"Tomatoes, crushed, canned",foundation_food,2024-04-18,11
2685582,"Tomato, puree, canned",foundation_food,2024-04-18,11
2710815,"Apricot, with skin, raw",foundation_food,2024-10-31,9
2710816,"Melons, honeydew, raw",foundation_food,2024-10-31,9
2710817,"Plantains, ripe, raw",foundation_food,2024-10-31,9
2710818,"Plantains, underripe, raw",foundation_food,2024-10-31,9
2710819,"Chia seeds, dry, raw",foundation_food,2024-10-31,20
2710820,"Bulgur, dry, raw",foundation_food,2024-10-31,20
2710821,"Wild rice, dry, raw",foundation_food,2024-10-31,20
2710822,"Arugula, baby, raw",foundation_food,2024-10-31,11
2710823,"Asparagus, green, raw",foundation_food,2024-10-31,11
2710824,"Avocado, Hass, peeled, raw",foundation_food,2024-10-31,9
2710825,"Rice, black, unenriched, raw",foundation_food,2024-10-31,20
2710826,"Corn, sweet, yellow and white kernels,  fresh, raw",foundation_food,2024-10-31,11
2710827,"Einkorn, grain, dry, raw",foundation_food,2024-10-31,20
2710828,"Farro, pearled, dry, raw",foundation_food,2024-10-31,20
2710829,"Fonio, grain, dry, raw",foundation_food,2024-10-31,20
2710830,"Khorasan, grain, dry, raw",foundation_food,2024-10-31,20
2710831,"Kiwifruit (kiwi), green, peeled, raw",foundation_food,2024-10-31,9
2710832,"Mandarin, seedless, peeled, raw",foundation_food,2024-10-31,9
2710833,"Mango, Tommy Atkins, peeled, raw",foundation_food,2024-10-31,9
2710834,"Mango, Ataulfo, peeled, raw",foundation_food,2024-10-31,9
2710835,"Corn flour, masa harina, white or yellow, dry, raw",foundation_food,2024-10-31,20
2710836,"Pear, Anjou, green, with skin, raw",foundation_food,2024-10-31,9
2710837,"Plum, black, with skin, raw",foundation_food,2024-10-31,9
2710838,"Rice, red, unenriched, dry, raw",foundation_food,2024-10-31,20
2710839,"Sorghum bran, white, unenriched, dry, raw",foundation_food,2024-10-31,20
2710840,"Sorghum flour, white, pearled, unenriched, dry, raw",foundation_food,2024-10-31,20
2710841,"Sorghum grain, white, pearled, unenriched, dry, raw",foundation_food,2024-10-31,20
2710842,"Sorghum, whole grain, white, dry, raw",foundation_food,2024-10-31,20
2710843,"Plantains, overripe, raw",foundation_food,2024-10-31,9
2727566,"Chicken, drumstick, meat and skin, raw",foundation_food,2025-04-24,5
2727567,"Chicken, thigh, meat and skin, raw",foundation_food,2025-04-24,5
2727568,"Chicken, wing, meat and skin, raw",foundation_food,2025-04-24,5
2727569,"Chicken, breast, meat and skin, raw",foundation_food,2025-04-24,5
2727570,"Lamb, ground, raw",foundation_food,2025-04-24,17
2727571,"Bison, ground, raw",foundation_food,2025-04-24,17
2727572,"Beef, short loin (NY strip steak), raw",foundation_food,2025-04-24,13
2727573,"Beef, tenderloin steak, raw",foundation_food,2025-04-24,13
2727574,"Beef, top sirloin steak, raw",foundation_food,2025-04-24,13
2727575,"Pork, chop, center cut, raw",foundation_food,2025-04-24,10
2727576,"Pork, belly, with skin, raw",foundation_food,2025-04-24,10
2727577,"Pawpaw, peeled, seeded, raw",foundation_food,2025-04-24,9
2727578,"Squash, pie pumpkin, peeled, seeded, raw",foundation_food,2025-04-24,11
2727579,"Squash, spaghetti, peeled, seeded, raw",foundation_food,2025-04-24,11
2727580,"Rutabaga, peeled, raw",foundation_food,2025-04-24,11
2727581,"Blackberries, raw",foundation_food,2025-04-24,9
2727582,"Tomatillos, dehusked, raw",foundation_food,2025-04-24,11
2727583,"Cabbage, napa, leaf, destemmed, raw",foundation_food,2025-04-24,11
2727584,"Leeks, bulb and greens, root removed, raw",foundation_food,2025-04-24,11
2727585,"Green onion, (scallion), bulb and greens, root removed, raw",foundation_food,2025-04-24,11
2727586,"Shallots, bulb, peeled, root removed, raw",foundation_food,2025-04-24,11
2727587,"Juice, prune, shelf-stable",foundation_food,2025-04-24,9
2727588,"Juice, pomegranate, from concentrate, shelf-stable",foundation_food,2025-04-24,9
2727589,"Juice, tart cherry, from concentrate, shelf-stable",foundation_food,2025-04-24,9
2747652,"Anchovies, canned in olive oil, with salt, drained",foundation_food,2025-12-18,15
2747653,"Beet greens, raw",foundation_food,2025-12-18,11
2747654,"Cod, Pacific or Alaskan, frozen, wild caught",foundation_food,2025-12-18,15
2747655,"Fennel, bulb, raw",foundation_food,2025-12-18,11
2747656,"Halibut, frozen, wild caught",foundation_food,2025-12-18,15
2747657,"Lobster, tail only, frozen, wild caught",foundation_food,2025-12-18,15
2747658,"Mahi mahi, frozen, wild caught",foundation_food,2025-12-18,15
2747659,"Parsnips, raw",foundation_food,2025-12-18,11
2747660,"Peppers, banana or Hungarian wax, seeded, raw",foundation_food,2025-12-18,11
2747661,"Peppers, jalapeno, seeded, raw",foundation_food,2025-12-18,11
2747662,"Peppers, poblano, seeded, raw",foundation_food,2025-12-18,11
2747663,"Peppers, serrano, seeded, raw",foundation_food,2025-12-18,11
2747664,"Radicchio, raw",foundation_food,2025-12-18,11
2747665,"Radishes, red, raw",foundation_food,2025-12-18,11
2747666,"Scallops, bay, Patagonian, frozen, wild caught",foundation_food,2025-12-18,15
2747667,"Scallops, sea, frozen, wild caught",foundation_food,2025-12-18,15
2747668,"Sea bass, Chilean, frozen, wild caught",foundation_food,2025-12-18,15
2747669,"Snapper, frozen, wild caught",foundation_food,2025-12-18,15
2747670,"Snow crab, legs only, frozen  ",foundation_food,2025-12-18,15
2747671,"Squid (calamari), frozen, tubes only",foundation_food,2025-12-18,15
2747672,"Swordfish, frozen, wild caught",foundation_food,2025-12-18,15
2747673,"Tuna, ahi or yellowfin, frozen, wild caught",foundation_food,2025-12-18,15
2747674,"Turnips, raw",foundation_food,2025-12-18,11
2747675,"Watermelon, seedless, flesh only, raw",foundation_food,2025-12-18,9
2747676,"Watermelon, seedless, rind only, raw",foundation_food,2025-12-18,9
2758975,"Rhubarb, stalk, raw",foundation_food,2026-04-30,9
2758976,"Cranberries, dried, sweetened",foundation_food,2026-04-30,9
2758977,"Grapefruit, raw",foundation_food,2026-04-30,9
2758978,"Plums, dried (prunes), uncooked",foundation_food,2026-04-30,9
2758979,"Raisins, golden, seedless",foundation_food,2026-04-30,9
2758980,"Raisins, dark, seedless",foundation_food,2026-04-30,9
2758981,"Edamame, frozen, prepared",foundation_food,2026-04-30,11
2758982,"Baked beans, Original, canned, with pork",foundation_food,2026-04-30,16
2758983,"Beans, baked, canned, vegetarian",foundation_food,2026-04-30,16
2758984,"Refried beans, canned (pinto)",foundation_food,2026-04-30,16
2758985,"Refried beans, canned, vegetarian",foundation_food,2026-04-30,16
2758986,"Mayonnaise, Regular",foundation_food,2026-04-30,4
2758987,"Salad dressing, Italian dressing, commercial, regular",foundation_food,2026-04-30,4
2758988,"Dressing, Ranch",foundation_food,2026-04-30,4
2758989,"Peanut butter, Creamy",foundation_food,2026-04-30,16
2758990,Sweetened condensed milk,foundation_food,2026-04-30,1
2758991,"Bologna, beef",foundation_food,2026-04-30,7
2758992,"Bologna, classic",foundation_food,2026-04-30,7
2758993,"Bread, white, commercial",foundation_food,2026-04-30,18
2758994,"Bread, 100% whole wheat, commercial",foundation_food,2026-04-30,18
2758995,"Bread, mulitgrain, commercial",foundation_food,2026-04-30,18
2758996,"Tortilla, wheat flour, shelf stable",foundation_food,2026-04-30,18
2758997,"Tortilla, corn, shelf stable",foundation_food,2026-04-30,18
2758998,"Pasta, dry, enriched, spaghetti",foundation_food,2026-04-30,20
2759000,"Pasta, dry, whole grain, spaghetti ",foundation_food,2026-04-30,20
2759001,"Lunchmeat, turkey, oven roasted, sliced",foundation_food,2026-04-30,7
2759002,"Lunchmeat, ham, black forest, sliced",foundation_food,2026-04-30,7
2759003,"Lunchmeat, roast beef, sliced, prepackaged",foundation_food,2026-04-30,7
2759004,"Lunchmeat, chicken breast, sliced",foundation_food,2026-04-30,7
2759005,"Salami, hard, sliced",foundation_food,2026-04-30,7
2759006,"Pepperoni, beef and pork, sliced",foundation_food,2026-04-30,7
2768188,"Alaska Pollock, raw",foundation_food,2026-04-30,15
