nct_id,condition
NCT00702507,Diaper Rash
NCT02236000,Breast Cancer
NCT02074007,Acute Otitis Media
NCT00762307,Fat Disorder
NCT05500807,"Von Willebrand Disease, Type 3"
NCT05500807,Concomitant VWD and Hemophilia
NCT02267707,Pancreatic Neoplasms
NCT02267707,Cholestasis
NCT05044507,Ischemic Stroke
NCT04715607,SARS-CoV Infection
NCT04715607,Covid19
NCT04715607,Coronavirus
NCT03309007,PreDiabetes
NCT03309007,Aging
NCT07522892,Preterm Infants
NCT04670692,Gastrointestinal Disease
NCT02069392,Schizophrenia
NCT02069392,Schizoaffective Disorder
NCT05724992,Candidates for Hereditary Pancreatic Cancer Testing
NCT04976192,Chronic Urticaria
NCT05048992,Neck Pain
NCT06222892,Cough
NCT03644836,Broncho Chronic Obstructive Pulmonary Disease
NCT00164736,HIV Infections
NCT01563536,Chronic Hepatitis C Infection
NCT04223336,Physical Activity
NCT04223336,Fruits and Vegetable Consumption
NCT04223336,Smoking Cessation
NCT05349136,Hemiparetic Cerebral Palsy
NCT00444236,Exercise Triggered Asthma
NCT00444236,Gastroesophageal Reflux
NCT02367911,Plaque Psoriasis
NCT03836911,Functional Autonomy
NCT01320111,Metastatic Breast Cancer
NCT07617207,Stroke
NCT07617207,Stroke Rehabilitation
NCT07617207,Stroke Rehabilitation and Caregivers
NCT07617207,Quality of Life
NCT00230607,Fabry Disease
NCT00230607,Alpha Galactosidase A Deficiency
NCT01911507,Recurrent Non-small Cell Lung Cancer
NCT01960907,Chronic Obstructive Pulmonary Disease (COPD)
NCT01960907,Congestive Heart Failure (CHF)
NCT01960907,Sleep Disordered Breathing (SDB)
NCT03023007,Breastcancer
NCT03023007,Mastectomy
NCT06999707,HCC - Hepatocellular Carcinoma
NCT06999707,Tremelimumab
NCT06999707,Durvalumab
NCT06999707,Radiotherapy
NCT07379307,Obesity in Pregnancy
NCT07379307,Maternal Comfort During Fetal Monitoring
NCT04310592,Leukemia
NCT04310592,"Leukemia, Myeloid"
NCT04310592,"Leukemia, Myeloid, Acute"
NCT04310592,Neoplasms by Histologic Type
NCT04310592,Neoplasms
NCT04310592,Immunosuppressive Agents
NCT04310592,Immunologic Factors
NCT04310592,Physiological Effects of Drugs
NCT04310592,Alkylating Agents
NCT04310592,"Antimetabolites, Antineoplastic"
NCT04310592,Antiviral Agents
NCT04310592,"Analgesics, Non-narcotic"
NCT04310592,Anti-infective Agents
NCT04310592,Analgesics
NCT04310592,Peripheral Nervous System Agents
NCT04310592,Hematologic Diseases
NCT04310592,Hematologic Neoplasms
NCT04310592,Leukemia in Remission
NCT04310592,Relapsed Adult AML
NCT04310592,Refractory AML
NCT03842592,Myocarditis Acute
NCT03842592,Ventricular Arrythmia
NCT03128892,Healthy
NCT03494907,Healthy
NCT05773807,Gastroscopy
NCT00762892,HIV Infections
NCT00601692,Esophageal Cancer
NCT04382092,COVID-19
NCT02655692,PTSD
NCT02655692,Posttraumatic Stress Disorder
NCT07236892,Movement Disorders
NCT07236892,Neurorehabilitation
NCT07236892,Non-invasive Activity Recording
NCT03301792,Pregnancy
NCT03301792,Gestational Diabetes
NCT03301792,Type 2 Diabetes
NCT04617236,Breast Cancer
NCT04617236,Cervical Cancer
NCT00388011,Hallux Valgus
NCT06494111,Lymphedema
NCT06494111,Fibrosis
NCT03682211,Pain
NCT03682211,Sickle Cell Disease
NCT01206036,Prostatic Neoplasms
NCT04384536,De Quervain Disease
NCT03620136,Analgesic
NCT01975636,Metabolism and Elimination
NCT01341600,Metabolism of Clopidogrel
NCT00083707,Waldenstrom Macroglobulinemia
NCT02323607,Recurrent Adult Acute Myeloid Leukemia
NCT02323607,Secondary Acute Myeloid Leukemia
NCT02323607,Therapy-Related Acute Myeloid Leukemia
NCT02323607,Untreated Adult Acute Myeloid Leukemia
NCT01039207,Recurrent Fallopian Tube Carcinoma
NCT01039207,Recurrent Ovarian Carcinoma
NCT01039207,Recurrent Primary Peritoneal Carcinoma
NCT01588392,Physical Activity
NCT01610492,"Glomerulonephritis, Membranous"
NCT03887936,Type 2 Diabetes Mellitus
NCT03887936,Hypogonadism
NCT00754936,Depression
NCT07322536,Nursing Caries
NCT07322536,Intensive Care Nursing
NCT07322536,Aspiration
NCT07322536,Virtual Reality
NCT05442736,Antibiotic Resistant Infection
NCT00765336,Human Volunteer
NCT02543736,"Osteoarthritis, Knee"
NCT00029536,Epilepsy
NCT01057511,Postmenopausal Endometrium
NCT00343811,Attention Deficit Hyperactivity Disorder
NCT01849211,Effect of a Neuromuscular Block on Ventilation
NCT02119936,Maternal Stress
NCT02119936,Maternal Anxiety
NCT02119936,Maternal Health Services
NCT00715936,Early Child Development and Growth
NCT06326307,Behavioral Guidance in Pediatric Dentistry
NCT03020407,Septic Shock
NCT01521507,Meibomian Gland Dysfunction
NCT01521507,Dry Eye
NCT00491907,Heart Failure
NCT05836207,Cannabis Use Disorder
NCT07148492,"Reflux Disease, Gastro-Esophageal"
NCT07148492,"Vomiting, Postoperative"
NCT03629392,Overweight
NCT07352592,Anxiety
NCT04028492,Idiopathic Gastroparesis
NCT04028492,Diabetic Gastroparesis
NCT04028492,Gastroparesis
NCT00006092,Leukemia
NCT05220592,Adjustment Disorders
NCT01264536,Sepsis
NCT06616636,Myelodysplastic Syndrome
NCT06616636,Acute Myeloid Leukemia
NCT04025736,Rotator Cuff Tears
NCT04025736,Shoulder Arthorscopy Surgery
NCT04025736,Surgical Blood Loss
NCT04025736,Tranexamic Acid
NCT01061736,Rheumatoid Arthritis
NCT00434811,Type 1 Diabetes Mellitus
NCT00280111,Rotavirus Infections
NCT05065411,Metastatic Breast Cancer
NCT05846711,Benign Paroxysmal Positional Vertigo
NCT05846711,BPPV
NCT05846711,Vertigo
NCT05846711,Vestibular Disorder
NCT05846711,Vestibular Diseases
NCT05846711,Labyrinth Diseases
NCT05846711,Inner Ear Disease
NCT00390611,Ovarian Cancer
NCT05339100,Healthy Participants Study
NCT01972100,Healthy
NCT06417307,Hemodialysis Complication
NCT05966207,Cognitive Dysfunction
NCT02621307,"Hyperglycemia, Postprandial"
NCT03832907,Diabetes
NCT02250092,Pediatric Hemiparesis
NCT07346092,Tobacco-Related Carcinoma
NCT02196792,"Osteoarthritis, Hip"
NCT02196792,Osteoarthritis
NCT04011592,Post Partum Depression
NCT03222492,Diffuse Cutaneous Systemic Sclerosis
NCT03222492,Scleroderma
NCT03222492,dcSSc
NCT02203292,Traumatic Brain Injury
NCT05201092,Healthy Volunteers
NCT00942292,Colorectal Liver Metastases
NCT05311592,Parenting
NCT05311592,Family Relations
NCT05311592,Father-Child Relations
NCT00000992,HIV Infections
NCT00000992,Histoplasmosis
NCT03505411,Antioxidants
NCT03505411,Oxidative Stress
NCT03505411,Inflammation
NCT03505411,Lipid Peroxidation
NCT03218111,Healthy
NCT05671211,Stroke
NCT00549211,"Obstetric Labour, Premature"
NCT00549211,Premature Ejaculation
NCT03943836,"Anxiety, Dental"
NCT07579936,Postmenopausal Women With Osteoporosis
NCT00663936,Alzheimer's Disease
NCT06928311,Biophilic Environmental Design
NCT06928311,Traditional Exercise Design
NCT07473700,"Hypertension, Pulmonary"
NCT07473700,"Lung Diseases, Interstitial"
NCT07411807,Eating Disorders
NCT03860207,Neuroblastoma
NCT03860207,Osteosarcoma
NCT03860207,Other Solid Tumor Cancers
NCT01596907,Morbid Obesity
NCT00125307,Lupus Nephritis
NCT00125307,"Lupus Erythematosus, Systemic"
NCT04824807,Lymphedema
NCT04824807,Exercise
NCT03258892,Sarcoma
NCT03847207,Healthy
NCT06619392,Pain
NCT07303192,Graft Shrinkage
NCT07303192,"Gingival Recession, Localized"
NCT01285492,Chronic Obstructive Pulmonary Disease (COPD)
NCT00814892,Prostate Cancer
NCT05301192,Aging
NCT00410592,Gastroesophageal Reflux Disease
NCT01876992,Diabetes
NCT01876992,Pre-diabetes
NCT01876992,Obesity
NCT02129192,Healthy
NCT07192692,Pharmaceutical Preparations
NCT07192692,Health Adult Subjects
NCT06766292,Bone Healing
NCT06766292,Sinus Membrane Osteoginicity
NCT06518811,Muskuloskeletal Diseases
NCT01835236,Metastatic Breast Cancer
NCT00082836,Lymphoma
NCT07762911,Prostate Cancer
NCT01517711,Post-Traumatic Stress Disorder
NCT00526292,Leukemia
NCT00526292,Myelodysplastic Syndromes
NCT02537392,Congenital Heart Disease
NCT02762292,Mechanical Ventilation
NCT03531892,"Colitis, Ulcerative"
NCT06361992,Atopic Dermatitis
NCT06361992,Atopic Dermatitis and Related Conditions
NCT06361992,Atopic Dermatitis Eczema
NCT06361992,Atopic Dermatitis \(AD\)
NCT00731692,Primary Progressive Multiple Sclerosis
NCT00626392,Dyslipidemia
NCT02288936,Hormone-refractory Prostate Cancer
NCT07599436,Laughter Yoga
NCT07599436,Premenstrual Syndrome-PMS
NCT07599436,Stress
NCT07599436,Sleep Quality
NCT01554111,Cathartic Colon
NCT01153711,Healthy
NCT01153711,"Pulmonary Disease, Chronic Obstructive"
NCT01014936,"Patients With Solid Tumors, Either Refractory to Standard Therapy or for Which no Effective Standard Therapy is Available"
NCT01866111,Partial Epilepsy
NCT07565311,Posttraumatic Stress Disorder (PTSD)
NCT02181907,Healthy
NCT04163107,Multiple Myeloma
NCT04342507,Chalazion
NCT00978107,Hepatocellular Carcinoma
NCT03760107,Smoking Cessation
NCT04947007,"Pain, Postoperative"
NCT00745407,Hypertriglyceridemia
NCT07389707,Pregnancy Related
NCT04544592,B-cell Acute Lymphoblastic Leukemia
NCT04544592,B-cell Non Hodgkin Lymphoma
NCT04519892,Depression
NCT04519892,Psychological Distress
NCT00149292,Schizophrenia
NCT03414892,Hyperglycaemia (Diabetic)
NCT03414892,Type 2 Diabetes Mellitus
NCT07598136,Smoking
NCT07598136,Tobacco
NCT06246136,Open Angle Glaucoma
NCT00858936,Coronary Artery Bypass Surgery
NCT02496936,Obesity
NCT01428336,Adrenal Insufficiency
NCT00748111,Sudden Cardiac Death
NCT00748111,Acute Myocardial Infarction
NCT02729207,Ankle Sprain
NCT06096207,Treatment Resistant Depression
NCT01288807,Fibromyalgia
NCT03736707,Acute Respiratory Distress Syndrome
NCT03736707,High Frequency Oscillatory Ventilation
NCT03736707,Preterm
NCT03736707,Conventional Mechanical Ventilation
NCT00455507,Parkinson's Disease
NCT00789607,Prostate Cancer
NCT04915092,Childhood Obesity
NCT01874392,Type 1 Diabetes Mellitus
NCT00563992,Bipolar Disorder
NCT02844036,Pulmonary Hypertension
NCT06764836,Advanced Solid Tumors
NCT06764836,HCC
NCT04449536,Obesity
NCT04449536,Drug Effect
NCT01546636,Cerebral Ischemia
NCT00810836,Rheumatoid Arthritis
NCT05237336,Psychological Distress
NCT01331811,HIV
NCT01331811,Tuberculosis
NCT01331811,Pediatrics
NCT06053411,Interaction
NCT03968211,Immune Deficiency
NCT00924911,"Infections, Bacterial"
NCT03454711,Obesity
NCT02829411,Marriage
NCT02829411,Family Relations
NCT06047600,Digitizing Perioperative Nursing Coordination
NCT03901807,Septic Shock
NCT03901807,Endotoxemia
NCT06835907,Alcohol Use Disorder (AUD)
NCT00027807,Breast Cancer
NCT01254019,Muscular Dystrophies
NCT01141192,Type 2 Diabetes
NCT01509092,Trauma
NCT01509092,Macular Hole
NCT00096200,Recurrent Fallopian Tube Carcinoma
NCT00096200,Recurrent Ovarian Carcinoma
NCT00096200,Recurrent Primary Peritoneal Carcinoma
NCT02832700,Gastrointestinal Disease
NCT05697900,Healthy Lifestyle
NCT02374736,Kidney Transplantation
NCT01946607,"Antidepressive Agents, Second-Generation"
NCT02088307,Cardiovascular Disease
NCT02491307,Anxiety
NCT02491307,Depression
NCT02491307,Bipolar I Disorder
NCT02491307,Bipolar II Disorder
NCT05947799,Heart Failure
NCT02160899,Elevated Lipoprotein(a)
NCT06216899,Crohn Disease
NCT01725399,Post-operative Vomiting
NCT01376999,No Explained Sterility
NCT03892499,Healthy
NCT07063199,Immune Thrombocytopenia
NCT07063199,Treatment
NCT04490499,Hepatitis B
NCT07321899,Severe Tricuspid Regurgitation
NCT06195332,Incisional Hernia of Midline of Abdomen
NCT00550732,Mycoses
NCT06630598,Family Violence
NCT03055832,Meibomian Gland Dysfunction
NCT06370832,Inspiratory Muscle Training
NCT01209832,Advanced Cancer
NCT04452032,Head and Neck Squamous Cell Carcinoma
NCT00796432,Schizophrenia
NCT04345432,Postural Orthostatic Tachycardia Syndrome
NCT06517563,Coagulation Disorder
NCT03406663,Type 2 Diabetes Mellitus
NCT02993263,Myocardial Infarction
NCT03709563,Hair Loss
NCT03709563,Hair Thinning
NCT00636363,Contact Lens Solutions
NCT05290363,Spondyloarthritis
NCT05171387,Prostate Cancer
NCT01488487,Advanced Adult Hepatocellular Carcinoma
NCT06133387,Colorectal Lesion
NCT06133387,Colorectal Adenoma
NCT06133387,Colorectal Polyp
NCT06133387,Rectal Lesion
NCT06133387,Rectal Adenoma
NCT06133387,Rectal Polyp
NCT06133387,Sigmoid; Lesion
NCT06133387,Sigmoid Colon Polyp
NCT00644787,Pain
NCT00644787,Cancer
NCT06175793,Hypertension
NCT06188793,Inflammatory Bowel Diseases
NCT03058393,Teach-Back Communication
NCT03058393,Arthritis
NCT03058393,Knee Osteoarthritis
NCT03058393,Knee Arthropathy
NCT01416493,Acute Rheumatoid Arthritis
NCT06672887,Cancer
NCT06672887,Neoplasm
NCT05712187,Major Depressive Disorder
NCT04086693,Vascular Access Devices
NCT04844021,Suicide
NCT06085521,Atopic Dermatitis
NCT00463021,Secondary Hyperparathyroidism
NCT03984721,Amyloidosis
NCT05137821,Peri-Implantitis
NCT05110521,Quality of Care
NCT00992914,Hot Flashes
NCT00992914,Menopause
NCT01480414,Ischemic Ulcer
NCT07547514,Development Coordination Disorder
NCT07547514,Motor Coordination or Function; Developmental Disorder
NCT07547514,Sensory Integration Disorder
NCT07547514,Perceived Stres Level
NCT07547514,Cognitive Ability General
NCT01194414,Rheumatoid Arthritis
NCT05083416,Head and Neck Cancer
NCT07652216,Impact Molar
NCT07652216,Mandible Cyst
NCT07652216,Bone Regeneration
NCT07652216,Platelet Rich Fibrin
NCT07652216,Dentigerous Cyst
NCT07652216,Dentin Matrix
NCT07652216,Autogenous Dentin Graft
NCT07652216,Demineralized Dentin Matrix
NCT07652216,Impacted Lower Third Molar
NCT07652216,Impacted Mandibular Third Molar
NCT03464916,Relapsed or Refractory Multiple Myeloma
NCT04329416,Thoracic Surgery
NCT04329416,One Lung Ventilation
NCT04329416,Left-sided Double Lumen Tube
NCT06960616,Deafness
NCT06960616,Cochlear Hearing Loss
NCT05492006,Elderly
NCT01500616,"Hepatitis C, Chronic"
NCT02101606,Cerebral Infarction
NCT02101606,Brain Ischemia
NCT02101606,Stroke
NCT05736406,Primary Glioblastoma
NCT05879406,Non-Cystic Acne
NCT05280106,Hemodiafiltration
NCT05280106,Heparin
NCT05280106,Haemodialysis
NCT05280106,Citrate Reaction
NCT01998906,Breast Cancer
NCT04237506,Cerebral Palsy
NCT02491606,Malaria
NCT00006206,Alcoholism
NCT03365804,Adolescent Idiopathic Scoliosis
NCT02341404,Prostate Cancer
NCT04128904,Infertility
NCT01207804,Obesity
NCT02992704,"Chronic Hepatitis, B Virus"
NCT02992704,Carrier of Viral Hepatitis Type B
NCT00493584,Myocardial Infarction
NCT01499784,Urinary Incontinence
NCT02287584,Schizophrenia
NCT06838884,Rheumatoid Arthritis (RA
NCT06838884,6 Minutes Stepper Test
NCT00332384,Ocular Hypertension
NCT05700084,Advanced Solid Tumor
NCT05688384,Pain
NCT05688384,Patient Satisfaction
NCT05688384,Cancer
NCT05688384,Venous Puncture
NCT05427084,Diabetes Type 2
NCT05427084,Coronary Artery Disease
NCT06350084,"Pain, Acute"
NCT06350084,Newborn
NCT06350084,Crying
NCT05414084,Individual Variability in (Poly)Phenol Metabolism
NCT05414084,Cardiometabolic Health
NCT05272384,Recurrent B-Cell Non-Hodgkin Lymphoma
NCT05272384,Recurrent Diffuse Large B-Cell Lymphoma
NCT05272384,Recurrent Hodgkin Lymphoma
NCT05272384,Refractory B-Cell Non-Hodgkin Lymphoma
NCT05272384,Refractory Diffuse Large B-Cell Lymphoma
NCT05272384,Refractory Hodgkin Lymphoma
NCT02538484,Breast Cancer
NCT03033784,Autism
NCT03033784,Autism Spectrum Disorder
NCT00001784,Blepharospasm
NCT00001784,Dystonia
NCT00001784,Spasm
NCT03324984,Return of Motor and Sensory Blockade
NCT03324984,"Anesthesia, Spinal"
NCT03324984,Decrease Discharge Time Status Post Hemorrhoidectomy
NCT04766684,Clubfoot
NCT01863784,Hepatic Impairment
NCT02230384,Smoking Cessation
NCT07087184,Heart Diseases
NCT07087184,Cardiovascular Disease
NCT06802484,Menopause
NCT06802484,Cardiovascular
NCT02947984,Benign Meningioma
NCT01162733,Infectious Disease
NCT05983133,Colorectal Neoplasms
NCT05983133,"Carcinoma, Non-Small-Cell Lung"
NCT05983133,Squamous Cell Carcinoma of the Head and Neck
NCT05983133,Pancreatic Ductal Adenocarcinoma
NCT02449733,HIV
NCT03255733,Tennis Elbow
NCT00686933,Attention-Deficit/Hyperactivity Disorder
NCT05416333,Central Centrifugal Cicatricial Alopecia
NCT07171333,Colorectal Polyps
NCT00287833,"Unspecified Adult Solid Tumor, Protocol Specific"
NCT00306449,Weight Gain
NCT00306449,Obesity
NCT00306449,Overweight
NCT00563849,Rheumatoid Arthritis
NCT00584649,Inappropriate Sinus Tachycardia
NCT06979947,Menopause
NCT06979947,Quality of Life
NCT01522547,"Anemia, Sickle Cell"
NCT03836547,COPD
NCT03836547,Emphysema
NCT03836547,Lung Diseases
NCT03597347,"Mycobacterium Infections, Nontuberculous"
NCT03597347,Cystic Fibrosis (CF)
NCT03731247,Skin Cancer
NCT01306747,Chronic Pain
NCT03936647,Intracranial Aneurysm
NCT03936647,Brain Aneurysm
NCT03936647,Unruptured Cerebral Aneurysm
NCT03936647,Ruptured Cerebral Aneurysm
NCT03936647,Cerebral Aneurysm
NCT04907149,Healthy
NCT06162949,Treatment Effectiveness
NCT05767749,"Anesthetics, Local"
NCT06865638,Colorectal Cancer
NCT06865638,Leakage Testing
NCT06865638,Colorectal Surgery
NCT06865638,Complications
NCT06865638,Anastomotic Leakage
NCT01820338,Obesity
NCT06835738,Nutrient Deficiency
NCT04471038,Influenza Type A
NCT04471038,Influenza Type B
NCT04471038,Influenza
NCT00171938,Glioblastoma
NCT03960658,Post-traumatic Stress Disorder
NCT07284758,Multiple Myeloma
NCT07284758,Relapsed/Refractory Multiple Myeloma
NCT01516658,Intracranial Aneurysm
NCT01516658,Subarachnoid Hemorrhage
NCT04332458,"Stroke, Ischemic"
NCT03653858,Treatment-resistant Depression
NCT07374848,Solid Tumors
NCT07374848,Sarcomas
NCT02632448,Solid Tumors
NCT02632448,Colorectal Cancer
NCT02632448,Breast Cancer
NCT02632448,Ovarian Cancer
NCT02632448,Colon Cancer
NCT02632448,Rectal Cancer
NCT02632448,Neoplasms
NCT02632448,Endometrial Cancer
NCT02632448,Soft Tissue Sarcoma
NCT02632448,Triple Negative Breast Cancer
NCT02632448,Pancreas Cancer
NCT02632448,Pancreatic Cancer
NCT06780748,Breast Cancer
NCT06780748,Locally Recurrent Breast Cancer
NCT06780748,Sentinel Lymph Node Biopsy (SLNB)
NCT06780748,Reoperation
NCT06780748,ICG (indocyanine Green)
NCT06433648,Amputation
NCT06433648,"Amputation, Traumatic"
NCT06433648,Amputation of Knee
NCT06433648,"Amputation; Traumatic, Limb"
NCT05007548,Hepatic Carcinoma
NCT07668648,Postoperative Pain
NCT07668648,Shoulder Arthroscopy
NCT04340648,Diabetes Mellitus
NCT06958848,Pneumothorax
NCT06958848,Pleural Effusion
NCT05101148,Neurofibromatosis Type 1
NCT07347548,Duchenne Muscular Dystrophy (DMD)
NCT01575548,Clear Cell Renal Cell Carcinoma
NCT01575548,Stage IV Renal Cell Cancer AJCC v7
NCT02295748,Duchenne Muscular Dystrophy
NCT01347255,Psoriasis Vulgaris
NCT00258726,Measles
NCT00258726,Mumps
NCT00258726,Rubella
NCT00258726,Varicella
NCT06761326,Infraclavicular Vein Cannulation
NCT06761326,Venous Cannulation
NCT02676726,Endometrial Neoplasms
NCT02676726,Ovarian Neoplasms
NCT00484926,Coronary Artery Disease
NCT04208178,Advanced HER2+Breast Cancer
NCT04916678,Persistent PostConcussion-Like Symptoms
NCT04916678,Post-Traumatic Stress Disorder
NCT02479178,Urothelial Carcinoma
NCT02479178,Cholangiocarcinoma
NCT02479178,Cervical Cancer
NCT02479178,Squamous Cell Carcinoma of Head and Neck
NCT03573778,Intimate Partner Violence
NCT00135278,Spinal Cord Injuries
NCT00568178,Proteinuria
NCT06117085,Thyroid Nodule (Benign)
NCT02882685,Morbid Obesity
NCT02678585,Postoperative Pain
NCT02549885,Migraine Disorders
NCT02486185,Sarcopenia
NCT04467385,Cerebral Palsy Spastic Diplegia
NCT00653185,Diabetes Mellitus
NCT07714785,Pediatric Anesthesia
NCT07714785,"Emergence Delirium, Anesthesia"
NCT07714785,Postoperative Pain
NCT07714785,Tonsillectomy
NCT00884585,Atopic Conjunctivitis
NCT03543943,Achilles Tendon Rupture
NCT02483585,Migraine
NCT03472885,Paroxysmal Nocturnal Hemoglobinuria (PNH)
NCT07482943,Fontan
NCT07482943,Heart Failure
NCT07482943,Dapagliflozin
NCT07482943,Cardiovascular Diseases
NCT07482943,Sodium-GLucose coTransporter-2 Inhibitors
NCT05829915,Parkinson Disease
NCT06604715,Relapsed or Refractory Multiple Myeloma
NCT02202915,Obsessive Compulsive Disorder
NCT05817435,Bioequivalence
NCT00714935,Coronary Artery Disease
NCT00714935,Decision Making
NCT02135835,Acute Heart Failure
NCT01710735,Myofascial Pain Syndrome
NCT03506425,ALS
NCT00909025,Solid Tumors
NCT01134835,Asthma
NCT06944808,Osteoarthritis Knees
NCT07083908,Obstetric Anal Sphincter Injury
NCT01513135,HIV Infections
NCT00716508,Acute Patella Tendon Rupture
NCT06212908,Breast Cancer
NCT06212908,Gingivitis
NCT06212908,Periodontal
NCT01921608,Male Circumcision
NCT00769808,Myopia
NCT00769808,Astigmatism
NCT01898208,Bacteremia
NCT01898208,Fungemia
NCT01898208,Bloodstream Infection
NCT05564325,Unruptured Cerebral Aneurysm
NCT02220725,Bleeding
NCT03141125,Scleroderma
NCT01106625,"Diabetes Mellitus, Type 2"
NCT00252876,Type 2 Diabetes
NCT06566976,Peripheral Arterial Disease
NCT06569576,Group Meetings
NCT06569576,Telehealth
NCT00282217,Kidney Failure
NCT00282217,Kidney Diseases
NCT01578317,Influenza
NCT04770740,Covid19
NCT00241540,GERD
NCT01636440,Healthy Volunteers
NCT02289989,Atopic Dermatitis
NCT03735940,Delirium
NCT03485989,Nutrition Poor
NCT03485989,Micronutrient Deficiency
NCT03485989,Aging
NCT00716989,Healthy
NCT00716989,Immunosuppressed
NCT00147589,Hypertension
NCT07642089,Restless Leg Syndrome
NCT03301740,End Stage Renal Disease
NCT03202368,Giant Cell Arteritis
NCT03982368,Dry Eye Syndrome
NCT07304050,Clinical Deterioration
NCT03496350,Anxiety
NCT03496350,Depression
NCT06946550,Scarring Alopecia
NCT00225550,Neoplasms
NCT03584750,Chronic Pain Syndrome
NCT05032391,Rotavirus Infection
NCT02672891,Postpartum Hemorrhage
NCT02666950,Chronic Myelomonocytic Leukemia
NCT02666950,Myelodysplastic Syndrome With Isolated Del(5q)
NCT02666950,Myelodysplastic/Myeloproliferative Neoplasm
NCT02666950,Previously Treated Myelodysplastic Syndrome
NCT02666950,Recurrent Adult Acute Myeloid Leukemia
NCT02666950,Untreated Adult Acute Myeloid Leukemia
NCT01760317,Unilateral Lumbosacral Radiculopathy Pain
NCT01921725,Wounds
NCT02465840,Hand Injury
NCT05201976,Heart Failure
NCT03651076,"Obesity, Morbid"
NCT03651076,Cesarean Section Complications
NCT00916825,Breast Cancer
NCT02839525,Muscle Damage
NCT07401225,Post Traumatic Stress Disorder (PTSD)
NCT01217476,Diabetic Foot Ulcer of Neuropathic Origin
NCT06179576,Parenting
NCT05630417,Nursing Caries
NCT01937117,Breast Cancer
NCT02213289,Adenocarcinoma
NCT07218289,Surgery
NCT05585489,"Gait Disorders, Neurologic"
NCT05585489,Parkinson Disease
NCT04335825,Glaucoma
NCT04335825,Ocular Hypertension
NCT04335825,Filtering Surgery
NCT03736889,MSI-H/dMMR Solid Tumors
NCT02205489,Relapsing-remitting Multiple Sclerosis
NCT02455440,Cerebral Arterial Disease
NCT02455440,Cerebral Aneurysm
NCT06254040,Mild Cognitive Impairment
NCT07115940,Acute Ischemic Stroke
NCT01796340,Overweight
NCT01796340,Obesity
NCT01841840,Stroke
NCT01841840,Hemiparesis
NCT01841840,Pre-Hypertension
NCT01841840,Hypertension
NCT05406791,Depression
NCT05406791,Anxiety
NCT01117818,Alzheimer's Disease
NCT02885090,Rett Syndrome
NCT06639490,Gastric Cancer
NCT01370590,Hypercholesterolemia
NCT03008590,Osteoarthritis
NCT03008590,"Arthritis, Rheumatoid"
NCT03008590,"Arthritis, Psoriatic"
NCT03356990,Chronic Kidney Diseases
NCT04625790,Aphasia
NCT04625790,"Aphasia, Anomic"
NCT04625790,Stroke
NCT00701597,Glaucoma
NCT00701597,Blood Flow Velocity
NCT03022097,COPD
NCT02632110,Actinic Keratosis
NCT07003113,Low Back Pain
NCT07003113,Knee Osteoarthritis
NCT05174013,Pain
NCT00537810,Obesity
NCT00537810,Binge Eating
NCT06758713,Multiple Myeloma
NCT06758713,B-cell Lymphoma
NCT06758713,Hematological Malignancy
NCT07629960,Advanced Solid Tumor
NCT07629960,Non-Small Cell Lung Cancer
NCT07629960,Colorectal Neoplasms
NCT07629960,Pancreatic Ductal Adenocarcinoma
NCT05822960,Peripheral Arterial Disease
NCT04168060,Sleeve Gastrectomy
NCT00932360,Fibromyalgia
NCT03589560,Pulp Necrosis
NCT03365960,Healthy Subjects
NCT01060020,Aortic Stenosis
NCT01669720,Metastatic Colorectal Cancer
NCT03316820,Healthy
NCT06382220,Recruitment
NCT07586020,Judo Performance
NCT07586020,Balance
NCT07586020,Explosive Power
NCT07586020,Core Endurance
NCT01820520,Macular Hole
NCT01820520,Epiretinal Membrane
NCT02529020,Mouth Breathing
NCT04742920,"Hematoma, Subdural, Chronic"
NCT04742920,Brain Diseases
NCT04742920,Central Nervous System Diseases
NCT04742920,Wounds and Injuries
NCT03584282,HIV/AIDS
NCT03584282,"Adherence, Medication"
NCT03584282,Drug Use
NCT00401024,Brain and Central Nervous System Tumors
NCT04824820,Sexuality
NCT04824820,Sexual Dysfunction
NCT04824820,Sexual Desire Disorder
NCT04824820,Hypoactive Sexual Desire Disorder
NCT04824820,Orgasmic Disorder
NCT04824820,Pelvic Organ Prolapse
NCT04824820,Urinary Incontinence
NCT04824820,Interstitial Cystitis
NCT04824820,Pelvic Floor Disorders
NCT04824820,Female Sexual Dysfunction
NCT02700282,Cystic Fibrosis
NCT06415682,Parkinson Disease
NCT01544920,"Hepatitis C, Chronic"
NCT00799682,Dry Eye Disease
NCT03428282,Inferior Alveolar Nerve Block
NCT02654782,Hemodynamic Stability
NCT00522782,Asthma
NCT02925624,Atrial Fibrillation
NCT01710423,Obesity
NCT00514423,Schizophrenia
NCT00514423,Schizoaffective Disorder
NCT01367223,Inflammatory Response
NCT01367223,Multi-organ Failure
NCT03874923,Fluid Challenge
NCT03874923,Oxygen Consumption
NCT03874923,Critical Care
NCT05341323,Post Operative Pain
NCT04255459,"Smoking, Tobacco"
NCT04255459,Smoking Behaviors
NCT00577759,Physical Activity
NCT00577759,Dietary Habits
NCT00577759,Tobacco Use Cessation
NCT02044159,Shock
NCT02215759,Healthy
NCT00623259,HIV Infections
NCT07716059,Type 2 Diabetes
NCT01903759,Patients With Spontaneous Rupture of the Fetal Membranes
NCT05727280,"Pain Level, Sleep Quality and Analgesic Consumption in Open Heart Surgery"
NCT05157880,Acute Neurological Injury
NCT05157880,Emotional Distress
NCT07473180,Multiple Sclerosis
NCT01503580,Antimuscarinic Drug
NCT00750880,Rheumatoid Arthritis
NCT02214979,Healthy
NCT07041879,Piezotome
NCT07041879,Implant-supported Single Crowns
NCT02477579,Chronic Total Occlusion of Coronary Artery
NCT03516279,"Chronic Phase Chronic Myelogenous Leukemia, BCR-ABL1 Positive"
NCT03516279,Minimal Residual Disease
NCT02643979,Obesity
NCT02643979,Bariatrics
NCT02643979,Sleep Apnea Syndromes
NCT02643979,Gastric Bypass
NCT02643979,Endoscopy
NCT04198779,Heart Failure
NCT04198779,Heart Decompensation
NCT00171379,Prevention of Acute Rejection After Kidney Transplantation
NCT01256879,Healthy
NCT05009979,Hepatocellular Carcinoma
NCT03153579,Patients
NCT03153579,Anxiety Disorders
NCT03797079,Chest Trauma
NCT05334979,Kidney Stone
NCT05334979,Normal Controls
NCT01529879,Partial Edentulism
NCT01529879,Tooth Disease
NCT01788059,Nonunion Fracture
NCT00319059,AMPD
NCT00319059,Ischemic Tolerance
NCT02785159,Psoriasis
NCT01920659,Insulin Sensitivity
NCT01920659,Physical Activity
NCT02466659,Intermittent Exotropia
NCT06625580,"Pain, Acute"
NCT06625580,"Pain, Chest"
NCT05053880,Recurrent Glioblastoma Multiforme(GBM)
NCT02516280,"Osteoarthritis, Knee"
NCT05620680,T Lymphoblastic Leukemia/Lymphoma
NCT03618979,Low Back Pain
NCT01382979,Alcohol Misuse
NCT02108379,Seasonal Allergic Rhinitis
NCT07541196,Diabetic Foot Ulcer (DFU)
NCT07541196,Pressure Ulcer (PU)
NCT07541196,Wound Dehiscence
NCT07541196,Venous Leg Ulcer
NCT07541196,Arterial Ulcer
NCT07541196,Chronic Wound
NCT07138196,Chronic Graft-Versus-Host Disease
NCT01461096,HIV Infections
NCT05119296,Thyroid Cancer
NCT01022996,Hodgkin Lymphoma
NCT05978362,Shoulder Pain
NCT04765488,"Agitation, Emergence"
NCT04765488,Postoperative Delirium
NCT04765488,Postoperative Cognitive Dysfunction
NCT06565988,Midface Volume Deficit
NCT07097688,Regenerative Inflammation
NCT07087262,Hemoglobinopathy
NCT06906562,Advanced Pancreatic Carcinoma
NCT06906562,Metastatic Pancreatic Carcinoma
NCT06906562,Stage II Pancreatic Cancer AJCC v8
NCT06906562,Stage III Pancreatic Cancer AJCC v8
NCT06906562,Stage IV Pancreatic Cancer AJCC v8
NCT03555162,Healthy
NCT04155762,Amputees
NCT04155762,Prosthesis User
NCT04155762,Artificial Limbs
NCT02367846,Other Disorders of Bone Development and Growth
NCT00983346,Cancer
NCT00983346,Myeloma
NCT00983346,Multiple Myeloma
NCT06627946,Transversus Abdominis Plane (TAP) Block
NCT06627946,Wound Infiltration
NCT06627946,Pain Score (VAS)
NCT06627946,Opioid Analgesia
NCT05015946,Type 2 Diabetes
NCT02616146,Contraception
NCT00004446,Depersonalization Disorder
NCT02292446,Polycythemia Vera
NCT01979003,Endometrial Cancer
NCT06354803,Postural Stability
NCT03141203,Peripheral T Cell Lymphoma
NCT00209703,Colorectal Cancer
NCT06919003,Kidney Transplant
NCT03064503,Healthy
NCT06304103,Myelodysplastic Syndromes
NCT00892203,Migraine
NCT06804603,Obesity
NCT06796803,Potentially Resectable Hepatocellular Carcinoma
NCT01353703,Poliomyelitis
NCT01353703,Tetanus
NCT01353703,Acellular Pertussis
NCT01353703,Haemophilus Influenzae Type b
NCT01353703,Diphtheria
NCT01353703,Hepatitis B
NCT01353703,Diphtheria-Tetanus-aPertussis-Hepatitis B-Poliomyelitis-Haemophilus Influenzae Type b Vaccines
NCT00654927,Multiple Sclerosis
NCT01116427,"Multiple Sclerosis, Relapsing-Remitting"
NCT01554527,"Sleep Apnea, Obstructive"
NCT01554527,Sleep Apnea Syndromes
NCT01554527,Child Behavior Disorders
NCT01554527,Attention Deficit Disorder With Hyperactivity
NCT01554527,Disorders of Excessive Somnolence
NCT02258061,Cardiac Resynchronization Therapy
NCT02258061,Heart Failure
NCT02258061,Bi-ventricular Pacing
NCT02258061,Sympathetic Activity
NCT02258061,Quality of Life
NCT01901861,Type 2 Diabetes
NCT00287261,Myelofibrosis
NCT00287261,Myeloid Metaplasia
NCT06657261,Coronary Arterial Disease (CAD)
NCT06657261,Serratus Anterior Muscle Plane Block
NCT06657261,Transversus Thoracis Muscle Plane Block
NCT06657261,Postoperative Analgesia
NCT01208961,Severe Hypertriglyceridemia
NCT07190742,Chronic Hepatitis B Virus
NCT01475942,Intestinal C. Difficile
NCT01075542,Astigmatism
NCT07705542,Constipation
NCT07705542,Chronic Constipation
NCT07705542,Dyssynergia
NCT07705542,Anismus
NCT01106261,Colorectal Cancer
NCT01106261,Pulmonary Metastases
NCT01537861,Multiple Myeloma
NCT00062842,Cancer
NCT04884386,Cerebral Palsy
NCT04884386,Spastic Hemiplegic Cerebral Palsy
NCT04884386,Bilateral Spastic Cerebral Palsy
NCT04884386,"Gait Disorders, Neurologic"
NCT03602586,Malignant Ovarian Clear Cell Tumor
NCT03602586,Recurrent Ovarian Carcinoma
NCT06627270,Oral Squamous Cell Carcinoma
NCT06627270,Oral Cancer
NCT06627270,Head and Neck Cancer
NCT06627270,Head and Neck Carcinoma
NCT02842073,Binge Drinking
NCT06994273,Analgesic
NCT06994273,Sedative
NCT06994273,Fentanyl
NCT06994273,Dexmedetomidine
NCT06994273,Infusion
NCT06994273,Postoperative
NCT06994273,Mechanical Ventilation
NCT06994273,Children
NCT06994273,Open Abdominal Surgeries
NCT07368673,Vitiligo
NCT07754370,Congenital Hypothyroidism
NCT00844870,Stroke
NCT02560870,Periodontal Diseases
NCT01551069,Cutaneous Lupus Erythematosus-Systemic Lupus Erythematosus
NCT07007169,Early Breast Cancer
NCT07603973,Knee Osteoarthritis
NCT05062369,Alcohol Use Disorder
NCT05062369,Addiction
NCT00180583,Coronary Artery Disease
NCT06656273,Prediabetes
NCT01644773,Diffuse Intrinsic Pontine Glioma
NCT01644773,High-grade Glioma
NCT07681973,Smell Loss
NCT07681973,Chronic Rhinosinusitis (CRS)
NCT02883673,Postpartum Hemorrhage
NCT06245369,Overweight and Obesity
NCT06245369,Pre-diabetes
NCT01678469,Gestational Diabetes Mellitus
NCT00001269,Breast Neoplasms
NCT00001269,Neoplasm Metastasis
NCT04640883,Healthy
NCT04640883,Cyclists
NCT01230983,Cardiac Toxicity
NCT01230983,Leukemia
NCT01230983,Lymphoma
NCT04072783,Craniosynostoses
NCT05939973,"Obesity, Primary"
NCT07724873,Hematopoietic Stem Cell Transplant (HSCT)
NCT07724873,GVHD - Graft-Versus-Host Disease
NCT07724873,Hematological Malignancy
NCT04324073,Corona Virus Infection
NCT04144673,Healthy
NCT05267769,Pharmacokinetics
NCT05267769,Tolerability
NCT05267769,Safety
NCT00374569,"Gymnastics Injury, Motor Learning, Balance"
NCT02201069,Health Behavior
NCT04530669,Multiple Sclerosis
NCT03689569,Chronic Kidney Diseases
NCT03130569,Melanoma (Skin)
NCT01981369,Postoperative Pain
NCT03477669,Infantile Colic
NCT02273973,Breast Cancer
NCT04581369,"Cirrhosis, Liver"
NCT02442869,Suicide
NCT00006183,Cardiovascular Diseases
NCT00006183,Heart Diseases
NCT00006183,"Heart Defects, Congenital"
NCT00006183,Transposition of Great Vessels
NCT00320983,Cervical Cancer
NCT05346341,Salivary Gland Stone
NCT05346341,Salivary Gland Diseases
NCT00174941,Gout
NCT07509411,Endometriosis
NCT05784311,Pancreatic Cancer
NCT05397171,Urinary Bladder Neoplasms
NCT05397171,Colorectal Cancer
NCT05397171,"Carcinoma, Non-Small-Cell Lung"
NCT03209271,"Temperature Change, Body"
NCT03209271,Hypovolemia
NCT05676671,Dental Caries
NCT02353871,Moderate to Severe Glabellar Lines
NCT02068144,Insulin Resistance
NCT02068144,Atherosclerosis
NCT02080871,Peripheral Arterial Disease
NCT01739244,Ocular Hypertension
NCT01739244,Open Angle Glaucoma
NCT01697644,Foetal Growth Problem
NCT01697644,Small for Gestational Age
NCT06095271,"Multiple Sclerosis, Relapsing-Remitting"
NCT01181934,Schizophrenia
NCT01181934,Cognition Disorders
NCT06635434,Pain
NCT06635434,Pediatric Cancer
NCT06554834,Healthy
NCT06554834,Dysautonomia
NCT02540434,Coagulopathy
NCT06601764,Chronic Obstructive Pulmonary Disease
NCT06792344,Systemic Sclerosis (SSc)
NCT03390244,Vitreoretinal Surgery
NCT02754544,Brain Neoplasm
NCT02754544,Metastatic Malignant Neoplasm in the Brain
NCT02754544,Recurrent Brain Neoplasm
NCT04583644,Congenital Diaphragmatic Hernia
NCT04746664,Malnutrition
NCT04746664,Quality of Life
NCT06765564,ALS
NCT04981964,"Cerebral Palsy, Spastic"
NCT05117034,"Pain, Postoperative"
NCT05117034,Anesthesia
NCT05117034,Analgesia
NCT03850509,Crohn's Disease
NCT00170209,Latent Tuberculosis Infection
NCT02723799,Chronically Ill
NCT04095299,Cancer of Rectum
NCT04431999,Trauma
NCT04431999,Acute Hemorrhage
NCT04431999,Coagulopathy
NCT00520299,Metastatic Melanoma
NCT00520299,Skin Cancer
NCT00520299,Neoplasm
NCT04312399,Postmenopausal Symptoms
NCT04312399,Alzheimer Disease
NCT03912532,NASH - Nonalcoholic Steatohepatitis
NCT00737932,Crohn's Disease
NCT06980532,Metastatic Colorectal Cancer
NCT02764632,Nasogasrtic Tube Insertion
NCT03028532,Sports Drug Abuse
NCT03028532,Abuse of Steroids or Hormones
NCT07099898,"Neoplasms, Lung"
NCT03626298,Acne Vulgaris
NCT01327898,HIV Infection
NCT01327898,Substance Abuse
NCT07368998,Breast Cancer
NCT02496663,Metastatic Lung Non-Small Cell Carcinoma
NCT02496663,Recurrent Lung Non-Small Cell Carcinoma
NCT02496663,Stage IV Lung Cancer AJCC v8
NCT04346563,Shoulder Pain
NCT07456163,Peri-Implant Health
NCT07456163,Implant Complication
NCT07456163,Prosthesis and Implants
NCT06982963,Celiac Disease
NCT07322263,Bladder Cancer
NCT07322263,Non-Muscle Invasive Bladder Cancer (NMIBC)
NCT07322263,Urothelial Carcinoma
NCT07322263,Carcinoma in Situ (CIS)
NCT07322263,High-Grade Papillary Bladder Tumors
NCT07322263,BCG-Unresponsive Bladder Cancer
NCT07322263,Ta Stage Bladder Cancer
NCT07322263,T1 Stage Bladder Cancer
NCT07322263,BCG-Refractory Bladder Cancer
NCT07322263,High-Risk NMIBC
NCT07322263,Micropapillary Variant Urothelial Carcinoma (Favorable Subtype)
NCT02176863,Post-polio Syndrome
NCT02428387,Family
NCT02428387,Dementia
NCT03559387,Chemotherapy-induced Neutropenia
NCT00821587,Hepatitis C
NCT02382393,Healthy Volunteers
NCT05486793,PTSD
NCT03492593,Digestion Chambers
NCT03492593,Stability and Metabolism of Carotenoids and Vitamin E
NCT06049693,Endometrial Cancer
NCT06049693,Perioperative Complication
NCT06049693,Prehabilitation
NCT00061893,Sarcoma
NCT02874287,Coronary Artery Disease
NCT03248687,Distal Radius Fracture
NCT06937593,Healthy
NCT00970593,Diabetes Mellitus
NCT07177521,Edentulous Jaw
NCT07177521,Tooth Loss
NCT07177521,Toothless Mouth
NCT06348121,Attention Deficit Hyperactivity Disorder
NCT06537921,Obesity
NCT06537921,Major Depressive Disorder
NCT06537921,Inflammation
NCT00203021,Relapsing-Remitting Multiple Sclerosis
NCT01578421,Renal Failure Chronic Requiring Hemodialysis
NCT07225114,Breast Cancer
NCT07225114,Kidney Neoplasms
NCT07225114,Liver Neoplasms
NCT01792414,Major Depression
NCT01791114,Insulin Sensitivity
NCT01791114,Obesity
NCT05984914,Stress
NCT05984914,Breast Cancer
NCT05984914,"Telomere Length, Mean Leukocyte"
NCT00602914,Intradermal Injections
NCT01355016,Drug Safety
NCT01355016,Respiratory Syncytial Virus Infections
NCT07379216,Skin Condition
NCT07379216,Anti-Oxidative Stress
NCT06777316,Intrahepatic Cholangiocarcinoma (Icc)
NCT06777316,Cholangiocarcinoma
NCT06777316,"Other Solid Tumors, Adult"
NCT06777316,FGFR2 Gene Fusion/Rearrangement
NCT06777316,FGFR2 Gene Amplification
NCT06777316,FGFR2 Gene Short Variants
NCT06777316,FGFR3 Gene Fusion/Rearrangement
NCT06777316,FGFR3 Gene Amplification
NCT06777316,FGFR3 Gene Short Variants
NCT06777316,FGFR2 Genetic Alterations
NCT06777316,FGFR3 Genetic Alterations
NCT06777316,Advanced Solid Tumors
NCT00036816,Intraocular Melanoma
NCT02956616,Cesarean Section
NCT05017116,Chronic Hepatitis B
NCT03416816,Neoplasms
NCT03850106,"Weakness, Muscle"
NCT00815906,"Arthritis, Rheumatoid"
NCT02726906,Aging
NCT02726906,"Cognitive Ability, General"
NCT01599806,Complicated Urinary Tract Infection (cUTI) Including Acute Pyelonephritis
NCT02793284,Prostate Cancer
NCT00893984,Coronary Artery Disease
NCT05307484,Dengue
NCT01534884,Rheumatoid Arthritis
NCT00271284,"Diabetes Mellitus, Type 1"
NCT00210184,Gastric Cancer
NCT05356533,Alcohol Drinking
NCT05356533,Coping Skills
NCT01955733,"Arthritis, Rheumatoid"
NCT00805233,Age-Related Macular Degeneration
NCT00321152,Major Depressive Disorder
NCT06715852,Anxiety
NCT04046952,Arterial Occlusion
NCT04046952,Cardiovascular Diseases
NCT04046952,Atherosclerosis
NCT04046952,Hematoma
NCT04046952,Anticoagulant-induced Bleeding
NCT04046952,Coronary Artery Disease
NCT00019747,Colorectal Cancer
NCT06953947,Postoperative Pain
NCT06953947,Shoulder Surgeries Operations
NCT06953947,Regional Anesthesia
NCT06953947,Costoclavicular Block
NCT06953947,Interscalene Blocks
NCT05438147,Multiple Sclerosis
NCT05438147,Mild Cognitive Impairment
NCT05438147,Cancer
NCT02351947,Cerebrovascular Accident
NCT00880347,Alzheimer's Disease
NCT00880347,Dementia
NCT05676047,Long COVID
NCT01261247,Adult Nasal Type Extranodal NK/T-cell Lymphoma
NCT01261247,Anaplastic Large Cell Lymphoma
NCT01261247,Angioimmunoblastic T-cell Lymphoma
NCT01261247,Extranodal Marginal Zone B-cell Lymphoma of Mucosa-associated Lymphoid Tissue
NCT01261247,Hepatosplenic T-cell Lymphoma
NCT01261247,Nodal Marginal Zone B-cell Lymphoma
NCT01261247,Peripheral T-cell Lymphoma
NCT01261247,Post-transplant Lymphoproliferative Disorder
NCT01261247,Recurrent Adult Burkitt Lymphoma
NCT01261247,Recurrent Adult Diffuse Large Cell Lymphoma
NCT01261247,Recurrent Adult Lymphoblastic Lymphoma
NCT01261247,Recurrent Adult T-cell Leukemia/Lymphoma
NCT01261247,Recurrent Grade 1 Follicular Lymphoma
NCT01261247,Recurrent Grade 2 Follicular Lymphoma
NCT01261247,Recurrent Grade 3 Follicular Lymphoma
NCT01261247,Recurrent Mantle Cell Lymphoma
NCT01261247,Recurrent Mycosis Fungoides/Sezary Syndrome
NCT01261247,Recurrent Small Lymphocytic Lymphoma
NCT01261247,Small Intestine Lymphoma
NCT01261247,Splenic Marginal Zone Lymphoma
NCT01261247,Waldenstrom Macroglobulinemia
NCT07609849,Meniscus Injury
NCT05592249,Stroke
NCT05592249,Dual Task
NCT05592249,Activity of Daily Living
NCT07195149,Chronic Coronary Syndrome
NCT07195149,Stable Coronary Artery Disease CAD
NCT00766649,Age-Related Macular Degeneration
NCT02589249,Arthralgia
NCT00544349,Colorectal Cancer
NCT00544349,Metastatic Cancer
NCT07558538,ARDS (Moderate or Severe)
NCT07558538,ARDS (Acute Respiratory Distress Syndrome)
NCT00923338,Vesico-vaginal Fistula
NCT01159938,"Diabetes Mellitus, Type 2"
NCT04698538,TSC
NCT03968458,Pediatric Obesity
NCT00419458,Failure to Wean
NCT00419458,Respiratory Failure
NCT00419458,Ventilator Dependent
NCT02993458,Blood High Pressure
NCT01766258,Parkinson's Disease
NCT06331858,Knee Osteoarthritis
NCT06331858,Pain
NCT06331858,Physical Disability
NCT02157558,Drug Interactions
NCT04799158,Non-Erosive Gastro-Esophageal Reflux Disease
NCT04799158,Heartburn
NCT01965158,Opioid-induced Constipation
NCT05956158,Insomnia
NCT05956158,Crohn Disease
NCT04952948,Type-2 Diabetes
NCT04952948,Physical Disability
NCT04952948,Blood Pressure
NCT00874848,NSCLC
NCT05599048,Advanced Solid Tumor
NCT04231448,Diffuse Large B-cell Lymphoma
NCT02862548,Chronic Hepatitis B
NCT02765048,PTSD
NCT02765048,Depression
NCT02765048,Aggression
NCT02765048,Victimization
NCT02648048,Idiopathic Pulmonary Fibrosis
NCT07525648,Intracranial Pressure
NCT07525648,Laparoscopic Surgery
NCT07525648,Optic Nerve Sheath Diameter
NCT04110548,Internet Gaming Disorder
NCT04110548,Emotion Regulation
NCT02024555,Sarcoidosis; Antimycobacterial Therapy
NCT02358655,Atrial Fibrillation
NCT02358655,Stroke
NCT06740526,IgA Nephropathy
NCT03129126,Hemorrhagic Cystitis
NCT05548426,Syphilis
NCT05233826,COVID-19
NCT05233826,SARS-CoV-2
NCT01999426,Pediatrics
NCT01999426,Critical Care
NCT01999426,"Respiration, Artificial"
NCT07269626,Locally Advanced Pancreatic Ductal Adenocarcinoma
NCT07269626,Borderline Resectable Pancreatic Ductal Adenocarcinoma
NCT07269626,Oligometastatic Pancreatic Ductal Adenocarcinoma
NCT03075878,Warm Autoimmune Hemolytic Anemia
NCT07034378,"Atrial Fibrillation, Persistent"
NCT00670878,Breast Cancer
NCT00958685,Acute Respiratory Distress Syndrome
NCT01492985,HIV-1 Infection
NCT00931385,"Pulmonary Disease, Chronic Obstructive"
NCT05959785,Hysterectomy
NCT02662985,Psoriatic Arthritis
NCT02640885,Postpartum Hemorrhage
NCT06933043,Healthy Volunteers
NCT05911243,Clinical Stage II Esophageal Adenocarcinoma AJCC v8
NCT05911243,Clinical Stage II Esophageal Squamous Cell Carcinoma AJCC v8
NCT05911243,Clinical Stage II Gastric Cancer AJCC v8
NCT05911243,Clinical Stage III Esophageal Adenocarcinoma AJCC v8
NCT05911243,Clinical Stage III Esophageal Squamous Cell Carcinoma AJCC v8
NCT05911243,Clinical Stage III Gastric Cancer AJCC v8
NCT05911243,Clinical Stage IV Esophageal Adenocarcinoma AJCC v8
NCT05911243,Clinical Stage IV Esophageal Squamous Cell Carcinoma AJCC v8
NCT05911243,Clinical Stage IV Gastric Cancer AJCC v8
NCT05911243,Stage II Pancreatic Cancer AJCC v8
NCT05911243,Stage III Pancreatic Cancer AJCC v8
NCT05911243,Stage IV Pancreatic Cancer AJCC v8
NCT06069843,Depression
NCT06069843,Mild Cognitive Impairment
NCT06947343,Subacute Stroke
NCT06947343,Cerebral Stroke
NCT06947343,Cerebrovascular Stroke
NCT06947343,Posture
NCT06947343,Functional Performance
NCT04135443,HIV/AIDS and Infections
NCT04135443,Sexual Behavior
NCT04135443,"Health Knowledge, Attitudes, Practice"
NCT02057315,Migraine Headaches
NCT02778815,New Mothers' Well-being
NCT01828515,Memory Impairment
NCT04983615,Mechanically Ventilated Patients
NCT06235515,Neck Pain
NCT06235515,Virtual Reality
NCT06235515,Rehabilitation
NCT00769535,Hepatocellular Carcinoma
NCT03854435,Perinatal Asphyxia
NCT04236635,Characteristics of Subcutaneous Tissue
NCT02870608,Pregnancy Complications
NCT02870608,"Obstetric Labor, Premature"
NCT01067508,"Bone Diseases, Metabolic"
NCT06857708,Necrotizing Fascitis
NCT06857708,Necrotizing Soft Tissue Infection
NCT01035008,Pancreatic Cysts
NCT04665908,Knee Osteoarthritis
NCT04665908,Hip Osteoarthritis
NCT01688908,Esophageal Squamous Cell Carcinoma
NCT01688908,Dysplasia
NCT07652125,NSCLC
NCT03238625,Local Infiltration
NCT03238625,Anesthesia
NCT02177825,Plexiform Neurofibromas
NCT04123925,Colon Cancer Stage II/III
NCT01676025,Adrenal Disease
NCT02149225,Glioblastoma
NCT05465525,Gynecologic Disease
NCT01312025,Laparoscopic Cholecystectomy
NCT02517125,Head and Neck Cancer
NCT02344225,Retinopathy of Prematurity
NCT02592525,Aging
NCT07098325,Orthodontic Retainers
NCT04083625,Abdominal Myomectomy
NCT02930876,Advanced Cancer
NCT03527576,Postoperative Pain
NCT03527576,Lower Limb Injury
NCT07559617,Cosmetic Management of Oily Scalp
NCT07221617,"Pain, Postoperative"
NCT07221617,Anesthesia
NCT07221617,Cardiac Surgery
NCT07512817,Adjustment
NCT07512817,Resilience
NCT07512817,Psychological Well-being
NCT01921517,Bone Alteration
NCT00115440,Glioblastoma
NCT00115440,Anaplastic Astrocytoma
NCT02195440,Hepatitis C Virus-infected Cirrhosis
NCT00290940,"Diabetes Mellitus, Type 2"
NCT04769440,Anesthesia
NCT03724617,Thin Endometrium
NCT03724617,Intrauterine Adhesion
NCT04482517,"Infertility, Male"
NCT03056417,Chronic Pain
NCT03439917,Non-Alcoholic Fatty Liver Disease
NCT03439917,Insulin Resistance
NCT02030717,Pre- and Postoperative Analgesia
NCT02030717,Spinal Anesthesia
NCT02030717,Renal Cell Carcinoma
NCT03342040,Ventral Hernia
NCT03951740,Coronary Artery Disease
NCT03951740,Heart Failure With Reduced Ejection Fraction
NCT00786344,Aged
NCT07304544,Colostomy Complications
NCT05454644,End-Of-Life
NCT05454644,Inappropriate Prescribing
NCT05454644,Deprescriptions
NCT05454644,Palliative Medicine
NCT05454644,Geriatrics
NCT00539344,Recurrent or Progressive Malignant Glioma
NCT04023344,"Diabetes Mellitus, Type 2"
NCT04023344,Diabetes Mellitus
NCT04635644,Postoperative Pain
NCT06619834,Diabetes Mellitus
NCT06619834,Glucose Metabolism Disorders
NCT06619834,Metabolic Diseases
NCT06619834,Endocrine System Diseases
NCT06995144,Heart Failure
NCT06995144,Edema
NCT06995144,Pulmonary Congestion
NCT06995144,Fluid Overload
NCT06287944,Acute Lymphoblastic Leukemia
NCT06287944,Acute Myeloid Leukemia
NCT06287944,Myelodysplastic Syndrome
NCT07401134,Perineal Injury
NCT07401134,Pain Vulva
NCT07401134,Perineum; Injury
NCT00438334,Hearing Loss
NCT06959134,Hypertension
NCT07586111,Healthy Adult Volunteers
NCT07586111,Nutrition
NCT03897309,Norovirus Infection
NCT04409964,Gynecologic Disease
NCT03170609,Group B Streptococcal Infections
NCT00198809,Obesity
NCT03866109,Glioblastoma Multiforme
NCT02074709,Postoperative Pain
NCT03222609,Myelofibrosis (MF)
NCT00240799,Osteoarthritis
NCT06352099,Cognitive Impairment
NCT06352099,Old Age; Debility
NCT00004799,Pertussis
NCT04669899,Cancer
NCT06071299,Intimate Partner Violence
NCT01074099,Congestive Heart Failure
NCT06821932,Dental Implants
NCT05687032,Acute Lymphoblastic Leukemia
NCT00314132,Encephalitis
NCT00314132,Japanese Encephalitis
NCT00082732,Prostate Cancer
NCT07588932,Stroke
NCT00867932,"Hemoglobinuria, Paroxysmal"
NCT00002632,Head and Neck Cancer
NCT00206232,Heart Failure
NCT04528732,HIV/AIDS
NCT02717663,Physical Activity
NCT02717663,Behavior
NCT02717663,Goals
NCT06986863,Intellectual and Developmental Disabilities
NCT05012163,Influenza
NCT05012163,Vaccination
NCT05012163,Health Promotion
NCT05012163,Health Behavior
NCT02809963,Diabetes Type 2
NCT04546087,Airway Complication of Anesthesia
NCT05618587,Long COVID
NCT04569487,Sarcopenia
NCT02637687,Solid Tumors Harboring NTRK Fusion
NCT01003093,Tuberculosis
NCT06379893,Pain
NCT02269293,Ovarian Cancer
NCT02269293,Endometrial Cancer
NCT05689593,Adhesive Capsulitis
NCT07132021,Stroke
NCT00000721,HIV Infections
NCT03138421,Neuromyelitis Optica Spectrum Disorder
NCT03138421,Transverse Myelitis
NCT03138421,Multiple Sclerosis
NCT03138421,Longitudinally Extensive Transverse Myelitis
NCT05188521,Cutaneous Lichen Planus
NCT07431021,Asthma Acute
NCT07431021,Respiratory
NCT02185014,Crohn's Disease
NCT01951014,Prenatal Attitudes and Beliefs About Health
NCT00697216,Hepatitis B
NCT05763914,Hand Eczema
NCT06575114,Old Age; Debility
NCT06575114,Vaccine Hesitancy
NCT06575114,Vaccine Refusal
NCT00855816,"Stress Disorders, Post-Traumatic"
NCT02760316,Rheumatoid Arthritis
NCT01474616,Mobility Limitation
NCT00594516,Low Back Pain
NCT00753116,"Kidney Failure, Chronic"
NCT00753116,Renal Dialysis
NCT00837616,Turner Syndrome
NCT00837616,Hypogonadism
NCT00837616,Premature Ovarian Failure
NCT01010906,Hepatitis C
NCT07028606,Alveolar Bone Resorption
NCT00368706,"Urinary Bladder, Overactive"
NCT00156806,Breast Cancer
NCT05943106,Non-Muscle- Invasive Bladder Cancer
NCT00532506,Type 2 Diabetes Mellitus
NCT03311906,Periodontitis
NCT00438204,Lung Cancer
NCT06501404,Premature Infants
NCT06501404,Necrotizing Enterocolitis
NCT01820104,Healthy
NCT06232304,Systemic Lupus Erythematosus of Childhood (Disorder)
NCT04495504,Scheduled Cardiac Surgery
NCT04495504,Age Under 85 Years
NCT00317304,Hot Flashes
NCT00317304,Stress
NCT02034604,Neurogenic Lower Urinary Tract Dysfunction
NCT00236184,Heartburn
NCT07076784,Acne
NCT07076784,Acne Scars
NCT04154384,Opioid Use
NCT05899933,Peri-Implantitis
NCT05899933,Peri-Implant Health
NCT06414733,Metastatic Breast Cancer
NCT06414733,Metastatic Gastrointestinal Carcinoma
NCT06414733,HER2-positive Breast Cancer
NCT06414733,HER2-positive Gastric Cancer
NCT06414733,EGFR Overexpression
NCT06704633,Heart Failure
NCT02639533,Fibromyalgia
NCT06289933,Type2 Diabetes Mellitus
NCT02094352,Complex Regional Pain Syndrome
NCT01436747,Disorder of Transplanted Kidney
NCT01436747,Proteinuria
NCT01436747,Albuminuria
NCT06339047,Anxiety and Fear
NCT06339047,Pain
NCT06339047,Surgery
NCT07068347,Breast Cancer
NCT06290947,Type 2 Diabetes Mellitus
NCT07221747,Oral Pre-exposure Prophylaxis (PrEP)
NCT07221747,Long-acting Injectable Cabotegravir for PrEP
NCT06080347,"Osteoarthritis, Knee"
NCT00973947,Head and Neck Cancer
NCT07160647,dMMR/MSI-H-type Rectal Adenocarcinoma
NCT00220649,Pancreatic Neoplasms
NCT04638049,Prostate Cancer
NCT04638049,Prostate Adenocarcinoma
NCT04638049,Prostatic Neoplasms
NCT00446238,Inflammatory Bowel Disease
NCT00446238,Depression
NCT01707238,Myopia
NCT07415538,Nonspecific Chronic Low Back Pain
NCT07415538,Pain
NCT07415538,Manuel Therapy
NCT07415538,Physical Therapy
NCT03227458,Low Bone Mass
NCT03227458,"Osteoporosis, Postmenopausal"
NCT00363038,Ecchymosis
NCT01969838,Primary Myelofibrosis
NCT01969838,Post-Polycythemia Vera Myelofibrosis
NCT01969838,Post-Essential Thrombocythemia Myelofibrosis
NCT02182258,Healthy
NCT02622958,Social Anxiety Disorder
NCT03591458,Type1 Diabetes Mellitus
NCT03591458,Hypoglycemia Unawareness
NCT04928248,"Diabetes Mellitus, Type 2"
NCT04928248,Diabetes Mellitus
NCT04040348,Alzheimer Disease
NCT03740048,End Stage Renal Failure on Dialysis
NCT02638948,Rheumatoid Arthritis
NCT06952348,Metabolic Disease
NCT06952348,Cardiovascular Diseases
NCT06952348,Hypertension
NCT06952348,Obesity and Overweight
NCT05344248,Moderate to Severe Psoriasis
NCT01808755,Recurrent Urinary Tract Infection
NCT03195855,Diabetic Peripheral Neuropathy
NCT03195855,Limited Joint Mobility Syndrome
NCT03195855,Ankle Joint Range of Motion
NCT03195855,Forefoot Peak Plantar Pressure
NCT03195855,Foot and Ankle Mobilisations
NCT03195855,Home Exercise Programme / Stretches
NCT02151955,Parent Child Relationships
NCT02151955,Parent Child Interactions
NCT02151955,Child Development
NCT00169455,Rotavirus Gastroenteritis
NCT02751255,Multiple Myeloma
NCT05491226,TNBC - Triple-Negative Breast Cancer
NCT05491226,Breast Cancer
NCT02185326,Female Infertility Due to Diminished Ovarian Reserve
NCT04954326,Acute Lymphoblastic Leukemia
NCT03064126,Peripheral Artery Disease
NCT03064126,Atherosclerosis
NCT03064126,"Artery Diseases, Peripheral"
NCT03064126,"Plaque, Atherosclerotic"
NCT03064126,Occlusive Arterial Disease
NCT02275078,COPD
NCT03183778,Chronic Kidney Diseases
NCT03183778,Hyperkalemia
NCT07601178,"TNBC, Triple Negative Breast Cancer"
NCT00067678,Diabetic Nephropathy
NCT00067678,Diabetes Mellitus
NCT01888978,Pancreatic Cancer
NCT00387985,Healthy
NCT06672185,Advanced Solid Tumor
NCT07684885,Blood Pressure
NCT07684885,Blood Pressure Measurement
NCT04350385,Athletic Injuries
NCT01236885,Hyperglycemia
NCT01236885,Malignant Neoplasm
NCT01429285,Pain
NCT00906243,Hormone Refractory Prostate Cancer
NCT03667443,PCOS
NCT03667443,Myo-inositol-resistance
NCT01161043,Type 1 Diabetes Mellitus
NCT01365143,Prostatic Neoplasms
NCT01365143,Adenocarcinoma
NCT05782543,Kidney Transplant; Complications
NCT06699043,Intrabony Defects in Chronic Periodontitis
NCT03870243,Severe Pneumonia
NCT03339843,Esophageal Adenocarcinoma
NCT03339843,Esophagus SCC
NCT03339843,Cholangiocarcinoma
NCT03339843,"Urothelial/Bladder Cancer, Nos"
NCT03339843,Endometrial Cancer
NCT01151943,Cesarean Section
NCT00566215,"Diabetes Mellitus, Type 2"
NCT00566215,Insulin Resistance
NCT00566215,Obesity
NCT04541615,Surgery
NCT04541615,E-learning
NCT06912815,Crohn Disease (CD)
NCT04779515,Pneumoperitoneum
NCT04779515,Pain
NCT04779515,Inflammation
NCT07495215,Hepatocellular Carcinoma (HCC)
NCT04932915,Covid19
NCT01603615,Pediatrics
NCT01603615,Muscle Spasticity
NCT01603615,Cerebral Palsy
NCT01603615,Stroke
NCT07210515,Complex Regional Pain Syndrome Type I
NCT05362435,Physical Inactivity
NCT05875935,Electrocorticography
NCT05875935,Karnofski Index
NCT05875935,Glioma
NCT01595035,Postoperative Pain
NCT01595035,Chronic Pain
NCT05965635,Tick Bites
NCT05965635,Immunity to Ticks
NCT04438135,Contact Dermatitis
NCT04438135,Contact Allergy
NCT04438135,Aluminum Allergy
NCT01467908,Vegetative State
NCT01467908,Stroke
NCT01467908,Brain Injury
NCT06548308,Cataract Surgery
NCT03927508,Pulmonary Embolism
NCT07360808,Systemic Sclerosis (SSc)
NCT07360808,Hand Dysfunction
NCT02303808,Cystic Fibrosis
NCT04426708,Type 2 Diabetes Mellitus
NCT04538508,Patellofemoral Pain Syndrome
NCT03971825,Healthy Volunteers
NCT03971825,Psoriasis
NCT01386125,Nasal Polyps
NCT06751225,Astigmatism Bilateral
NCT03770325,Cardiovascular Risk Factor
NCT02615925,Psychiatric Disorder Requiring Hospitalization
NCT03412825,Food Insecurity
NCT01539525,Alcohol Abuse
NCT01539525,Tobacco Use Disorder
NCT01539525,Marijuana Abuse
NCT01539525,Substance-Related Disorders
NCT00390325,Hereditary Thyroid Gland Medullary Carcinoma
NCT00390325,Locally Advanced Thyroid Gland Medullary Carcinoma
NCT00390325,Multiple Endocrine Neoplasia Type 2A
NCT00390325,Multiple Endocrine Neoplasia Type 2B
NCT00390325,Recurrent Thyroid Gland Medullary Carcinoma
NCT00390325,Sporadic Thyroid Gland Medullary Carcinoma
NCT00390325,Stage III Thyroid Gland Medullary Carcinoma AJCC v7
NCT00390325,Stage IV Thyroid Gland Medullary Carcinoma AJCC v7
NCT00390325,Stage IVA Thyroid Gland Medullary Carcinoma AJCC v7
NCT00390325,Stage IVB Thyroid Gland Medullary Carcinoma AJCC v7
NCT00390325,Stage IVC Thyroid Gland Medullary Carcinoma AJCC v7
NCT02612025,Pediatric Oncology
NCT04780776,Vitamin D Deficiency
NCT04780776,Vitamin D Insufficiency
NCT01053676,Hyperphosphatemia
NCT01508676,Neuralgia
NCT01508676,Postherpetic Neuralgia
NCT01508676,Reflex Sympathetic Dystrophy
NCT01508676,Complex Regional Pain Syndrome (CRPS)
NCT05507476,Anesthesia
NCT01534676,Sickle Cell Disease
NCT01534676,Thalassemia
NCT02559076,Childhood Obesity
NCT02559076,Dietary Habits
NCT07218276,Stroke
NCT05909917,Trauma
NCT05909917,Trauma Injury
NCT01388517,Pityriasis Alba
NCT01093417,Human Immunodeficiency Virus (HIV)
NCT01093417,Vitamin D Deficiency
NCT01093417,HIV Infections
NCT03593317,Arrhythmogenic Right Ventricular Dysplasia
NCT00418717,"Arthritis, Rheumatoid"
NCT01995617,Streptococcus Pneumoniae
NCT04439240,Advanced Lymphoma
NCT04439240,Advanced Malignant Solid Neoplasm
NCT04439240,Hematopoietic and Lymphoid Cell Neoplasm
NCT04439240,Refractory Lymphoma
NCT04439240,Refractory Malignant Solid Neoplasm
NCT04439240,Refractory Plasma Cell Myeloma
NCT05289817,Healthy Volunteers
NCT05289817,Cardiovascular System
NCT05289817,Autonomic Nervous System
NCT00561340,ADHD
NCT03789240,Follicular Lymphoma
NCT03789240,Non-Hodgkin's Lymphoma
NCT03789240,NHL
NCT00983840,Healthy
NCT00276640,Primary Central Nervous System Neoplasms
NCT00817440,Healthy
NCT00990340,Growth Hormone Deficiency
NCT07403240,Haptonomy
NCT07403240,Prenatal Loss
NCT05600140,Vision Disorders
NCT05600140,"Vision, Low"
NCT01763840,Abdominal Trauma
NCT04486989,Vocal Fatigue
NCT04486989,Treatment
NCT05989789,Liver Cancer
NCT05989789,Liver Cirrhosis
NCT04150068,HIV-1-infection
NCT01210950,Leg Length Inequality
NCT01759511,Idiopathic Pulmonary Fibrosis
NCT03103711,Cancer
NCT05391971,Post Traumatic Stress Disorder
NCT01451164,Schizophrenia
NCT00193011,Breast Cancer
NCT03373071,CD19-ALL
NCT03373071,CD19-LNH
NCT00595244,Coronary Artery Disease
NCT05821244,Breast Cancer
NCT00000344,Opioid-Related Disorders
NCT00240071,Metastatic Breast Cancer
NCT04116671,Stroke
NCT04116671,Hemiparesis
NCT05690971,Chronic Graft-Versus-Host Disease
NCT05690971,Allogeneic Stem Cell Transplant
NCT05044871,Ovarian Cancer
NCT00332371,"Shock, Septic"
NCT00931944,Amyotrophic Lateral Sclerosis
NCT00014144,Bladder Cancer
NCT00014144,Transitional Cell Cancer of the Renal Pelvis and Ureter
NCT00014144,Urethral Cancer
NCT05854771,Healthy
NCT03980444,Ureter Stone
NCT00762164,Hypercholesterolemia
NCT00447109,"Pneumonia, Ventilator Associated"
NCT00447109,Closed System Suction Catheter
NCT00467909,Healthy
NCT02346409,Essential Tremor
NCT01990209,Metastatic Breast Cancer
NCT01202409,Gastrointestinal Cancer
NCT01094899,Type 1 Diabetes
NCT01094899,Type 2 Diabetes
NCT00494299,"Carcinoma, Hepatocellular"
NCT06570499,Dental Implant Failed
NCT06355999,Form Perception
NCT06355999,Color Perception
NCT06355999,Decision Making
NCT07366099,Tumor-Induced Osteomalacia
NCT03133299,Allergic Bronchopulmonary Aspergilloses
NCT02252432,Laminectomy
NCT04402632,Subdural Hematoma
NCT00357032,Adult Acute Myeloid Leukemia With 11q23 (MLL) Abnormalities
NCT00357032,Adult Acute Myeloid Leukemia With Del(5q)
NCT00357032,Adult Acute Myeloid Leukemia With Inv(16)(p13;q22)
NCT00357032,Adult Acute Myeloid Leukemia With t(15;17)(q22;q12)
NCT00357032,Adult Acute Myeloid Leukemia With t(16;16)(p13;q22)
NCT00357032,Adult Acute Myeloid Leukemia With t(8;21)(q22;q22)
NCT00357032,Recurrent Adult Acute Myeloid Leukemia
NCT00357032,Untreated Adult Acute Myeloid Leukemia
NCT06240832,Chronic Liver Failure
NCT00151632,Evidence of Liver Transplantation
NCT04524832,"Diabetes Mellitus, Type 2"
NCT07131098,Critical Illness
NCT07131098,Enteral Nutrition
NCT07131098,Intensive Care Unit ICU
NCT07131098,Nutritional Support
NCT07131098,Feeding Protocol
NCT04007198,Asthma
NCT05360498,Cancer
NCT05360498,Cancer Survivors
NCT05360498,Informal Caregivers
NCT05360498,Psychological Distress
NCT01258998,Adult Nasal Type Extranodal NK/T-cell Lymphoma
NCT01258998,Anaplastic Large Cell Lymphoma
NCT01258998,Angioimmunoblastic T-cell Lymphoma
NCT01258998,B-cell Adult Acute Lymphoblastic Leukemia
NCT01258998,B-cell Chronic Lymphocytic Leukemia
NCT01258998,Cutaneous B-cell Non-Hodgkin Lymphoma
NCT01258998,Extranodal Marginal Zone B-cell Lymphoma of Mucosa-associated Lymphoid Tissue
NCT01258998,Hepatosplenic T-cell Lymphoma
NCT01258998,Intraocular Lymphoma
NCT01258998,Nodal Marginal Zone B-cell Lymphoma
NCT01258998,Noncutaneous Extranodal Lymphoma
NCT01258998,Peripheral T-cell Lymphoma
NCT01258998,Recurrent Adult Acute Lymphoblastic Leukemia
NCT01258998,Recurrent Adult Diffuse Large Cell Lymphoma
NCT01258998,Recurrent Adult Diffuse Mixed Cell Lymphoma
NCT01258998,Recurrent Adult Diffuse Small Cleaved Cell Lymphoma
NCT01258998,Recurrent Adult Grade III Lymphomatoid Granulomatosis
NCT01258998,Recurrent Adult Hodgkin Lymphoma
NCT01258998,Recurrent Adult Immunoblastic Large Cell Lymphoma
NCT01258998,Recurrent Adult Lymphoblastic Lymphoma
NCT01258998,Recurrent Adult T-cell Leukemia/Lymphoma
NCT01258998,Recurrent Cutaneous T-cell Non-Hodgkin Lymphoma
NCT01258998,Recurrent Grade 1 Follicular Lymphoma
NCT01258998,Recurrent Grade 2 Follicular Lymphoma
NCT01258998,Recurrent Grade 3 Follicular Lymphoma
NCT01258998,Recurrent Mantle Cell Lymphoma
NCT01258998,Recurrent Marginal Zone Lymphoma
NCT01258998,Recurrent Mycosis Fungoides/Sezary Syndrome
NCT01258998,Recurrent Small Lymphocytic Lymphoma
NCT01258998,Refractory Hairy Cell Leukemia
NCT01258998,Small Intestine Lymphoma
NCT01258998,Splenic Marginal Zone Lymphoma
NCT01258998,T-cell Adult Acute Lymphoblastic Leukemia
NCT01258998,T-cell Large Granular Lymphocyte Leukemia
NCT01258998,Testicular Lymphoma
NCT01258998,Waldenström Macroglobulinemia
NCT06750198,Post Operative Anterior Cruciate Ligament Rehabilitation
NCT00924898,Acute HIV Infection
NCT00924898,HIV Infections
NCT06594198,Brain Monitor
NCT06594198,Anaesthesia
NCT00151463,Impotence
NCT04295863,Metastatic Cancer
NCT04116463,Chronic Disease
NCT02534363,Schizophrenia
NCT02534363,Psychotic Disorders
NCT03898063,HIV/AIDS
NCT00290563,Urinary Incontinence
NCT00290563,Overactive Bladder
NCT04524663,Covid19
NCT04773587,Atopic Dermatitis Eczema
NCT01822587,Cocaine Addiction
NCT06193993,Prostate Cancer
NCT06193993,Metastatic Cancer
NCT06193993,Hormone Sensitive Prostate Cancer
NCT06193993,Castration-resistant Prostate Cancer
NCT00406393,"Leukemia, Myelocytic, Acute"
NCT00406393,"Leukemia, Lymphocytic, Acute"
NCT00406393,"Leukemia, Myeloid, Chronic"
NCT00406393,Myelodysplastic Syndromes
NCT00707993,Diabetes Mellitus
NCT06508021,Fibrodysplasia Ossificans Progressiva
NCT05026593,SCLC
NCT01407393,Overweight and Obesity
NCT05180721,Patient Education
NCT05180721,"Diabetes Mellitus, Type 2"
NCT00152321,Osteoporosis
NCT00152321,Fractures
NCT01660321,Pediculosis
NCT03404921,Esophageal Superficial Mucosal Lesion
NCT02269514,Smoking
NCT03784014,Soft Tissue Sarcoma
NCT00634114,Reflux Esophagitis
NCT03089814,Microcirculation
NCT01209416,Metabolism
NCT01209416,Insulin Resistance
NCT01209416,Hypopituitarism
NCT03934216,Ulcerative Colitis
NCT06444516,Dry Eye Disease
NCT05875116,Stroke Sequelae
NCT03591406,Iron Deficiency Anemia
NCT04473404,Oral Bacteria
NCT04473404,Halitosis
NCT00985504,Major Depressive Disorder
NCT02130804,Diabetes Risk
NCT05878704,Renal Impairment
NCT07112404,Pain
NCT07112404,Back Pain
NCT07112404,Lower Back Pain
NCT07112404,Quality of Life
NCT00325104,Hypercalcemia
NCT00325104,Familial Primary Hyperparathyroidism
NCT02493504,Arteriovenous Fistula
NCT06759584,Temporomandibular Disorder
NCT05224284,"Infertility, Male"
NCT05224284,IVF
NCT06437184,Tuberculosis
NCT02555033,Muscle Weakness
NCT04349033,Chronic Musculoskeletal Pain
NCT07753733,Percutaneous Nephrolithotomy
NCT06366633,Orthopedic Disorder
NCT06366633,Nontraumatic Injury
NCT06366633,Substance Use
NCT06366633,Upper Extremity Problem
NCT04546633,Uncomplicated Plasmodium Falciparum Malaria
NCT02913352,Shoulder Dislocation
NCT03978052,Alzheimer Disease
NCT03978052,Cognitive Decline
NCT02184247,Healthy
NCT01305447,Cancer
NCT07502547,Effects of Mindfulness-Based Stress Reduction on Feelings of Geriatric Burden Among Older Women
NCT02263547,Teriflunomide Elimination
NCT02263547,Healthy Volunteers
NCT01981447,Epilepsy
NCT00123747,Lung Neoplasms
NCT01861847,PTSD
NCT04844047,Fall Injury
NCT06675149,Temporomandibular Pain
NCT05048849,Covid19 Vaccine
NCT04743349,Covid19
NCT04743349,Coronavirus Infection
NCT04743349,Coronavirus
NCT03761849,Huntingtons Disease
NCT01312649,Schizophrenia
NCT01312649,Bipolar Disorders
NCT02013349,Coronary Artery Disease
NCT03104049,Parkinson Disease
NCT01364649,Treatment Outcome
NCT03747549,Insertional Achilles Tendinopathy
NCT01782638,Parkinson's Disease
NCT06128538,"Pain, Back"
NCT07528638,Breast Cancer
NCT07528638,Surgery
NCT01115738,Acute Coronary Syndrome
NCT07423338,Acute Respiratory Failure (ARF)
NCT07423338,Non Invasive Ventilation
NCT05308238,Parkinson Disease
NCT01055938,Healthy
NCT06379958,Pharmacokinetics
NCT03832348,Non Small Cell Lung Cancer
NCT01186848,Stretch Marks
NCT02173158,Familial Hypercholesterolemia - Homozygous
NCT00338858,Brain Injury
NCT00338858,Cerebral Palsy
NCT02773758,Dentin Sensitivity
NCT00422058,Metabolism and Nutrition Disorder
NCT00422058,Obesity
NCT06332755,Non-small Cell Lung Cancer(NSCLC)
NCT06332755,Head and Neck Squamous Cell Carcinoma(HNSCC)
NCT06332755,Renal Cell Carcinoma(RCC)
NCT06332755,Urothelial Carcinoma
NCT06332755,Malignant Melanoma
NCT07588555,Lumbar Spinal Stenosis
NCT04575155,Polypharmacy
NCT00016926,Cervical Cancer
NCT04297826,Chronic Disease
NCT00126126,Amputation Stumps
NCT00126126,Diabetes Mellitus
NCT00829426,Healthy
NCT01868126,Open-angle Glaucoma or Ocular Hypertension
NCT07572578,Fatigue
NCT03660826,Endometrial Adenocarcinoma
NCT03660826,Endometrial Mixed Cell Adenocarcinoma
NCT03660826,Endometrial Serous Adenocarcinoma
NCT03660826,Endometrial Undifferentiated Carcinoma
NCT03660826,Endometrioid Adenocarcinoma
NCT03660826,Stage IV Uterine Corpus Carcinoma or Carcinosarcoma AJCC v8
NCT00347685,Chronic Pain
NCT06367985,In Vitro Fertilization
NCT02136485,Multiple Sclerosis
NCT06222385,Healthy
NCT05581485,Endoscopic Laryngeal Surgery
NCT04532385,"Diabetes Mellitus, Type 2"
NCT04532385,Dyslipidemias
NCT04532385,Arterial Stiffness
NCT03089385,Hypertension
NCT01664585,Headache
NCT01664585,Physical Activity
NCT01664585,Quality of Life
NCT00988585,Heart Disease
NCT05412615,Wrist Osteoarthritis
NCT03482115,Traumatic Coma
NCT01614015,Delinquency
NCT01614015,Substance Abuse
NCT01614015,Self Destructive Behavior
NCT03177915,Carpal Tunnel Syndrome
NCT03177915,"Pain, Chronic"
NCT01361815,"Major Depressive Disorder, Recurrent, Unspecified"
NCT01361815,"Major Depressive Disorder, Single Episode, Unspecified"
NCT01980615,Healthy Volunteers
NCT04251715,Liver and Intrahepatic Bile Duct Carcinoma
NCT04251715,Stage III Intrahepatic Cholangiocarcinoma AJCC v8
NCT04251715,Stage IIIA Intrahepatic Cholangiocarcinoma AJCC v8
NCT04251715,Stage IIIB Intrahepatic Cholangiocarcinoma AJCC v8
NCT04251715,Stage IV Intrahepatic Cholangiocarcinoma AJCC v8
NCT04251715,Unresectable Intrahepatic Cholangiocarcinoma
NCT05036525,Adhesion
NCT05036525,Thyroid Diseases
NCT03178825,Vaginal Atrophy
NCT03178825,Sexual Dysfunction
NCT03178825,Dyspareunia
NCT03178825,Vaginal Dryness
NCT03178825,Chronic UTI
NCT02722525,Cardiovascular Injury
NCT02722525,Prostate Carcinoma
NCT00753935,Coronary Artery Disease
NCT05478135,Oncology
NCT05201235,Dyslexia
NCT05201235,Visual Attention Span Deficit
NCT03343535,Lung Transplantation
NCT04561635,Underweight
NCT04561635,Stunted Growth
NCT04561635,Wasting
NCT04561635,Anemia
NCT06077435,Colonic Polyp
NCT06077435,Colon Lesion
NCT05892835,Sports Accident
NCT06696508,Pyeloplasty
NCT06696508,Ureteropelvic Junction Obstruction
NCT06514508,Multiple Myeloma
NCT04617925,AL Amyloidosis
NCT00074425,HIV Infections
NCT06188325,Gaucher's Disease
NCT00039208,Colorectal Cancer
NCT06883708,Caregiver Subjective Burden
NCT06883708,Caregiver Wellbeing
NCT06883708,Feasibility Pilot Study
NCT02691208,Pain
NCT03486925,Healthy
NCT00675025,Down Syndrome
NCT00349076,Rectal Neoplasms
NCT07632976,Antiphospholipid Syndrome (APS)
NCT07632976,Thrombosis
NCT00631176,Orotracheal Intubation
NCT01395576,Stroke
NCT06264817,Lymphedema of Upper Limb
NCT06462417,Allergic Rhinitis
NCT05878717,Systemic Sclerosis Associated Interstitial Lung Disease
NCT05878717,"Scleroderma, Systemic"
NCT07037017,Eating Disorders (Excluding Anorexia Nervosa)
NCT07690540,Endometrial Cancer
NCT07690540,Immune Checkpoint Inhibitors
NCT06636240,Atopic Dermatitis (Eczema)
NCT06636240,"Atopic Dermatitis, Probiotics"
NCT01874717,Dental Anxiety
NCT02529917,Sarcopenia
NCT06947317,"Lateral Ligament, Ankle"
NCT06947317,"Cartilage, Articular"
NCT06880289,Squamous Cell Tumors of the Head and Neck
NCT03808740,Orthostatic Intolerance
NCT02646540,Cardiomyopathy
NCT02646540,Congestive Heart Failure
NCT04753840,Hypertension
NCT07209189,Head and Neck Cancer
NCT07209189,Squamous Cell Carcinoma
NCT07209189,Oral Cavity Cancer
NCT07209189,Oropharyngeal Cancer
NCT07209189,Laryngeal Cancer
NCT07209189,Sinonasal Squamous Cell Carcinoma
NCT07209189,HPV (Human Papillomavirus)-Associated Carcinoma
NCT07209189,Skull Base Tumors
NCT07209189,HPV 16 Positive Oropharyngeal Tumors (OPC)
NCT00065689,Alzheimer's Disease
NCT00065689,Dementia
NCT03389789,Analgesia
NCT00191984,Metastatic Colorectal Cancer
NCT07535684,Newborn Care
NCT00598533,Coronary Heart Disease
NCT07047833,ACL Injuries
NCT05248633,Solitary Plasmacytoma
NCT01677533,Hypertension
NCT01677533,Smoking Cessation
NCT06357533,Non-Small Cell Lung Cancer
NCT02787252,FBSS
NCT05600452,Heat Stress
NCT04611152,Diabetic Macular Edema
NCT05278052,Oligometastatic Disease
NCT05278052,Metastatic Non Small Cell Lung Cancer
NCT05516147,Alzheimer Disease
NCT05516147,Dementia
NCT05516147,"Dementia, Vascular"
NCT05516147,"Dementia, Mixed"
NCT02829047,Constipation
NCT02652247,Ventilator Associated Pneumonia (VAP)
NCT05596747,"Diabetes Mellitus, Type 2"
NCT03350347,Anemia
NCT03350347,"Renal Insufficiency, Chronic"
NCT01994447,Parental Comprehension of Informed Consent
NCT06028347,"Influenza, Human"
NCT03742947,Postpartum Hemorrhage
NCT03742947,Hyperfibrinolysis
NCT05239247,Low Back Pain
NCT07191249,Follicular Lymphoma
NCT06773949,Major Depressive Disorder (MDD)
NCT06773949,Treatment Resistant Depression (TRD)
NCT00606749,Pemphigus Vulgaris
NCT06530849,Refractory Systemic Lupus Erythematosus
NCT04875949,Pure Autonomic Failure
NCT04875949,Amyotrophic Lateral Sclerosis
NCT04875949,Postural Orthostatic Tachycardia Syndrome
NCT04875949,Anti-Cholinergic Receptors Antibodies
NCT06272149,Type II Gaucher Disease
NCT03657849,Enlarged Lymph Nodes (Excluding Infective)
NCT01320449,Substance Abuse Problem
NCT03656549,Non Small Cell Lung Cancer
NCT03656549,Mesothelioma
NCT00656149,Spinal Cord Injury
NCT00656149,Quadriplegia
NCT00656149,Tetraplegia
NCT03443349,Medical Device
NCT00942149,Sepsis
NCT00883649,Keratoconjunctivitis Sicca
NCT05496049,Thoracic Surgery
NCT05496049,Postoperative Period
NCT05496049,"Weakness, Muscle"
NCT06789549,Oral Surgery
NCT05653349,Primary Immune Thrombocytopenia (ITP)
NCT05791149,Oral Squamous Cell Carcinoma
NCT05791149,Maxillo-facial Surgery
NCT05791149,Biomarkers
NCT05791149,Saliva
NCT05791149,DNA Methylation
NCT05791149,Epigenetics
NCT04103749,Endoscopic Retrograde Cholangiopancreatography
NCT04900649,"Hernias, Diaphragmatic, Congenital"
NCT05991349,Solid Tumor
NCT00894049,Allograft
NCT00894049,Allogeneic Cell Transplantaion
NCT00894049,Hematological Malignancy
NCT00894049,Solid Tumor
NCT05493449,Milk Intervention on Body Composition and School Attendance
NCT00743249,Healthy
NCT00743249,Dry Eye
NCT01142349,Pain Dysfunction
NCT01142349,Sleep Disturbance
NCT01142349,Osteoarthritis
NCT01220349,"Diabetes Mellitus, Type 1"
NCT05340049,Child Development Disorder
NCT01107249,Esophageal or Gastric Perforations
NCT01107249,Esophageal or Gastric Leaks
NCT04589949,Covid19
NCT06446349,Benzodiazepine Withdrawal
NCT06178549,Cervical Cancer Screening
NCT00158249,Marijuana Abuse
NCT03442049,Multiple Sclerosis
NCT03442049,"Gait Disorders, Neurologic"
NCT05239949,Urinary Incontinence
NCT02591849,Post-transplant Diabetes Mellitus
NCT01627249,Diabetic Macular Edema
NCT00242749,Cancer of Head and Neck
NCT01117649,Plasma Volume Replacement
NCT01117649,Surgery of the Pancreatic Head
NCT07063849,Influenza
NCT00133549,Pneumococcal Infection
NCT01867138,Nosocomial Neonatal Sepsis
NCT01262638,Dyslipidemia
NCT04456738,Child Welfare
NCT04456738,Foster Home Care
NCT04140838,Randomized Controlled Trial
NCT00553358,"Neoplasms, Breast"
NCT02626858,Breast Cancer
NCT06681558,Hypoxemia
NCT03240848,Cataract
NCT00649558,Healthy
NCT05376358,Depression in Adolescence
NCT01989455,Healthy Volunteers
NCT02800226,Major Depressive Disorder
NCT07393126,Healthy Japanese
NCT03178526,"Alveolar Bone Loss, Chronic Periodontitis, Lovestatin Gel, Regeneration"
NCT00215826,Severe Acute Respiratory Syndrome
NCT03936426,Meningioma
NCT04124926,Erosive Esophagitis
NCT04349878,Periodontitis
NCT06761378,Ureteric Stone
NCT04967378,Mild Cognitive Impairment
NCT04967378,Depressive Symptoms
NCT04967378,Anxiety State
NCT01474785,Obesity
NCT01162785,Bladder Cancer
NCT02311985,Liver Cirrhosis
NCT05159778,Malignant Neoplasm of Breast
NCT02148185,Crohn's Disease
NCT06737185,"Sensorineural Hearing Loss, Bilateral"
NCT04547985,Prolonged Grief Disorder
NCT06724185,Common Cold
NCT06724185,Immunity
NCT06724185,Probiotic
NCT01046643,Menopausal Syndrome
NCT00886015,Trachoma
NCT04145115,"Astrocytoma, IDH-Mutant, Grade 4"
NCT04145115,Diffuse Glioma
NCT04145115,"Glioblastoma, IDH-Wildtype"
NCT04145115,Secondary Glioblastoma
NCT03999515,Castration-Resistant Prostate Carcinoma
NCT03999515,Double-Negative Prostate Carcinoma
NCT03999515,Metastatic Prostate Carcinoma
NCT03999515,Prostate Adenocarcinoma
NCT03999515,Stage IV Prostate Cancer AJCC v8
NCT03999515,Stage IVA Prostate Cancer AJCC v8
NCT03999515,Stage IVB Prostate Cancer AJCC v8
NCT04125615,Stress
NCT07253415,Spinal Mobility
NCT07253415,Thoracic Spine
NCT00292435,Venous Insufficiency
NCT03937635,Smoldering Plasma Cell Myeloma
NCT01055535,Focal Vitreomacular Adhesion
NCT01284335,Advanced Solid Tumors
NCT01687608,Hemophilia B
NCT04946708,Interstitial Lung Disease
NCT00777608,Alzheimer's Disease
NCT01465308,Head and Neck Cancer
NCT00006708,Lymphoma
NCT07628608,Safety and Tolerability in Healthy Volunteers
NCT01147276,Diabetes
NCT01147276,Hypoglycemia
NCT00607776,Dry Eye
NCT00536276,Burns
NCT00536276,Bone Demineralization
NCT07262476,Thyroid Eye Disease (TED)
NCT01968876,Hypertension
NCT01968876,Diabetes
NCT01968876,Dyslipidemia
NCT00581776,Mantle Cell Lymphoma
NCT00115076,Psoriasis
NCT07385417,Atrial Fibrillation (AF)
NCT00436917,Breast Cancer
NCT00436917,Osteoporosis
NCT04762017,Optic Neuritis
NCT02061917,Cigarette Smoking
NCT07377617,Foot Diseases
NCT07377617,Education
NCT07377617,Nurse
NCT05318417,"Hearing Loss, Unilateral"
NCT05318417,"Deafness, Unilateral"
NCT05935540,Palliative Care
NCT06355440,Breast Neoplasm Female
NCT06355440,Financial Toxicity
NCT06355440,Financial Navigation
NCT03712540,Healthy Participants
NCT02556840,Maturity-Onset Diabetes of the Young
NCT05597540,Pyelonephritis Acute
NCT05597540,Kidney Transplant Infection
NCT04207840,Pharmacokinetics
NCT04207840,Epinephrine
NCT04207840,Albuterol
NCT04207840,Asthma
NCT04207840,Anaphylaxis
NCT05195840,Eating Disorders
NCT02640989,Influenza
NCT05715489,Pelvic Organ Prolapse
NCT05731089,Diabetic Macular Edema
NCT02309489,Postpartum Period
NCT06703489,Ventricular Tachycardia (VT)
NCT00031889,Prostate Cancer
NCT05936489,Eye Diseases
NCT05936489,Presbyopia
NCT05936489,Refractive Errors
NCT05936489,Brimonidine Tartrate
NCT05936489,Aceclidine
NCT05936489,Ophthalmic Solutions
NCT04847089,Stroke
NCT04847089,Hemiparesis
NCT00437489,"Diabetes Mellitus, Type 2"
NCT01803789,Fracture of Metacarpal Bone
NCT07289789,Asthma
NCT06011889,SAPHO Syndrome
NCT03315689,Alopecia Universalis (AU)
NCT03315689,Alopecia Totalis (AT)
NCT06072768,Rheumatoid Arthritis
NCT00525668,Relapsing-remitting Multiple Sclerosis
NCT03250468,Insomnia
NCT03250468,Cardiovascular Diseases
NCT04190368,Type 1 Diabetes
NCT04026568,Nerve Injury
NCT00450450,Childhood Acute Lymphoblastic Leukemia in Remission
NCT00450450,Childhood Acute Myeloid Leukemia in Remission
NCT00450450,Childhood Chronic Myelogenous Leukemia
NCT00450450,Childhood Myelodysplastic Syndromes
NCT00450450,Chronic Phase Chronic Myelogenous Leukemia
NCT00450450,de Novo Myelodysplastic Syndromes
NCT00450450,Juvenile Myelomonocytic Leukemia
NCT00450450,Previously Treated Myelodysplastic Syndromes
NCT00450450,Recurrent Childhood Acute Lymphoblastic Leukemia
NCT00450450,Secondary Myelodysplastic Syndromes
NCT00606450,Psoriasis
NCT01901250,Dental Caries
NCT01014650,Healthy
NCT02333591,Coronary Microvascular Dysfunction
NCT02069691,Stroke
NCT01443091,Very Low Birth Weight Infants
NCT07108491,Ankle Injuries
NCT05092191,Multiple Sclerosis
NCT00712491,Age-related Macular Degeneration
NCT00712491,Choroidal Neovascularization
NCT04260191,Gastric and Gastroesophageal Junction Adenocarcinoma
NCT07273084,Non-cancer Pain
NCT07273084,Chronic Non-cancer Pain
NCT03480984,Thoracic Diseases
NCT00137033,Peptic Ulcers
NCT04984733,Adenocarcinoma - GEJ
NCT04984733,Cancer of Esophagus
NCT06362252,Extensive Stage-small Cell Lung Cancer
NCT02593552,Impaired Driving
NCT06895733,"Solid Tumor, Adult"
NCT06895733,Next-generation Sequencing
NCT06895733,Precision Medicine
NCT07554833,PARKINSON DISEASE (Disorder)
NCT07554833,Parkinson s Disease
NCT06938152,Osteoporosis
NCT06938152,Osteoporosis Postmenopausal
NCT01950247,Iron Deficiency Anemia (IDA)
NCT05286047,Atopic Dermatitis
NCT02338947,Frail Elderly
NCT02338947,Coronary Artery Disease
NCT00600847,Acquired Cold Urticaria
NCT06541249,Polycythemia Vera (PV)
NCT06541249,Essential Thrombocythemia (ET)
NCT06541249,Myelofibrosis (MF)
NCT01438749,Healthy Volunteer
NCT03626649,Atrial Fibrillation
NCT02837549,Scleroderma
NCT02837549,Ssc
NCT00533949,Lung Cancer
NCT00533949,Radiation Toxicity
NCT02713438,Health Behavior
NCT05087238,Ventricular Premature Complexes
NCT04636138,HMG-CoA Reductase Inhibitor Toxicity
NCT01167738,Pancreatic Cancer
NCT02162758,Barrett's Esophagus
NCT05694858,Glaucoma
NCT05694858,Cataract
NCT05694858,Ophthalmological Disorder
NCT01018758,Chemotherapy-Induced Nausea and Vomiting
NCT01018758,Non Hodgkin's Lymphoma
NCT06662058,Clinical Stage IV HPV-Mediated (p16-Positive) Oropharyngeal Carcinoma AJCC v8
NCT06662058,Cutaneous Squamous Cell Carcinoma of the Head and Neck
NCT06662058,Head and Neck Carcinoma of Unknown Primary
NCT06662058,Head and Neck Squamous Cell Carcinoma
NCT06662058,Hypopharyngeal Squamous Cell Carcinoma
NCT06662058,Laryngeal Squamous Cell Carcinoma
NCT06662058,Metastatic Cutaneous Squamous Cell Carcinoma of the Head and Neck
NCT06662058,Metastatic Head and Neck Squamous Cell Carcinoma
NCT06662058,Metastatic Hypopharyngeal Squamous Cell Carcinoma
NCT06662058,Metastatic Laryngeal Squamous Cell Carcinoma
NCT06662058,Metastatic Nasopharyngeal Squamous Cell Carcinoma
NCT06662058,Metastatic Oral Cavity Squamous Cell Carcinoma
NCT06662058,Metastatic Oropharyngeal Squamous Cell Carcinoma
NCT06662058,Metastatic Paranasal Sinus Squamous Cell Carcinoma
NCT06662058,Nasopharyngeal Squamous Cell Carcinoma
NCT06662058,Oral Cavity Squamous Cell Carcinoma
NCT06662058,Oropharyngeal Squamous Cell Carcinoma
NCT06662058,Paranasal Sinus Squamous Cell Carcinoma
NCT06662058,Recurrent Cutaneous Squamous Cell Carcinoma of the Head and Neck
NCT06662058,Recurrent Head and Neck Squamous Cell Carcinoma
NCT06662058,Recurrent Hypopharyngeal Squamous Cell Carcinoma
NCT06662058,Recurrent Laryngeal Squamous Cell Carcinoma
NCT06662058,Recurrent Nasopharyngeal Squamous Cell Carcinoma
NCT06662058,Recurrent Oral Cavity Squamous Cell Carcinoma
NCT06662058,Recurrent Oropharyngeal Squamous Cell Carcinoma
NCT06662058,Recurrent Paranasal Sinus Squamous Cell Carcinoma
NCT06662058,Stage IV Cutaneous Squamous Cell Carcinoma of the Head and Neck AJCC v8
NCT06662058,Stage IV Hypopharyngeal Carcinoma AJCC v8
NCT06662058,Stage IV Laryngeal Cancer AJCC v8
NCT06662058,Stage IV Lip and Oral Cavity Cancer AJCC v8
NCT06662058,Stage IV Nasopharyngeal Carcinoma AJCC v8
NCT06662058,Stage IV Oropharyngeal (p16-Negative) Carcinoma AJCC v8
NCT06662058,Stage IV Sinonasal Cancer AJCC v8
NCT04834258,Parkinson Disease
NCT00128258,"Heart Failure, Congestive"
NCT05937048,Decompensated Cirrhosis
NCT03104348,COPD
NCT03827148,Rheumatoid Arthritis
NCT00027248,Sepsis
NCT00027248,Bacteremia
NCT00027248,Fungemia
NCT01450748,Laryngopharyngeal Reflux
NCT06785948,Lewy Body Dementia
NCT06785948,Lewy Body Dementia With Behavioral Disturbance
NCT06785948,"Burden, Caregiver"
NCT06785948,Lewy Body Disease
NCT06785948,Dementia With Lewy Bodies
NCT06821048,Colorectal Cancer
NCT06821048,Stomach Cancer
NCT06821048,Pancreatic Cancer
NCT06821048,Metastatic Cancer
NCT00467948,Laryngeal Cancer
NCT03171948,Obesity
NCT03171948,Overweight
NCT06211348,Pregnant Individuals Requesting Standard Microarray
NCT01851148,Migraine
NCT02959255,Helicobacter Pylori Infection
NCT02477826,Non-Small Cell Lung Cancer
NCT01220726,Overactive Bladder
NCT06493578,Non-segmental Vitiligo
NCT03913078,Group Fitness (Traditional)
NCT03913078,Group Fitness (Game Play-based)
NCT04098978,Hypertension
NCT04098978,Blood Pressure
NCT02574078,Non-Small Cell Lung Cancer
NCT00906685,Central Retinal Vein Occlusion
NCT05582785,"Conditions Requiring a Brain Magnetic Resonance Imaging, Head Computerized Tomography, or Head Ultrasound"
NCT07235085,Non-Proliferative Diabetic Retinopathy
NCT02825485,Antenatal Hydronephrosis
NCT02825485,Post-natal Hydronephrosis
NCT04746885,Neonatal Disease
NCT02120443,Infiltration of Peripheral IV Therapy
NCT02210715,HIV
NCT02210715,Fatty Liver
NCT02210715,Nonalcoholic Steatohepatitis
NCT03900715,Myelodysplastic Syndromes
NCT05256615,Pregnancy Related
NCT05256615,Diabetes
NCT05256615,Diabete Mellitus
NCT05256615,Type 2 Diabetes
NCT05256615,Pre-diabetes
NCT05256615,Exercise
NCT06827015,Anger Problems
NCT06827015,Spiritual Well-being
NCT00354835,Adult Rhabdomyosarcoma
NCT00354835,Childhood Alveolar Rhabdomyosarcoma
NCT00354835,Childhood Botryoid-Type Embryonal Rhabdomyosarcoma
NCT00354835,Childhood Embryonal Rhabdomyosarcoma
NCT00354835,Localized Childhood Soft Tissue Sarcoma
NCT00354835,Rhabdomyosarcoma
NCT00354835,Sarcoma
NCT00354835,Stage I Adult Soft Tissue Sarcoma AJCC v7
NCT00354835,Stage II Adult Soft Tissue Sarcoma AJCC v7
NCT00354835,Stage III Adult Soft Tissue Sarcoma AJCC v7
NCT05617235,Post Operative Pain
NCT05617235,Thoracotomy
NCT05617235,Pulmonary Function
NCT05438225,Hearing Loss
NCT01266525,Dementia Alzheimer's Type
NCT02844725,Post-Operative Pain
NCT01634308,Regeneration of Alveolar Tissue After Maxillary Sinus Floor Augmentation
NCT02695225,Tobacco Dependence
NCT00633425,Diabetes Mellitus
NCT06382025,"Animation, Cartoons, Preoperative Care, Anesthesia, Pediatric"
NCT04418908,Type 1 Diabetes
NCT06709625,Nerve Block
NCT06709625,Coronary Artery Bypass
NCT06709625,Anesthesia and Analgesia
NCT00148525,Cancer
NCT02648425,Solid Tumor
NCT07605676,Iron Deficiency Anemia
NCT01377376,Non-small-cell Lung Cancer
NCT01236976,Spinal Cord Injury
NCT01248676,Cancer
NCT06914076,Low Vision
NCT05611476,Low Back Pain
NCT05611476,Chronic Pain
NCT05611476,Muscle Tightness
NCT04717076,Reduction of Cardiovascular Risk Factors
NCT06733376,PTSD - Post Traumatic Stress Disorder
NCT03290417,Prostate Cancer
NCT05898217,Nutrition
NCT05898217,Healthy
NCT01512017,Split-thickness Skin Graft Donor Sites
NCT00173017,Hypoxemia
NCT00173017,Hypercapnia
NCT02533089,Tuberculosis
NCT02338089,Postpartum Hemorrhage
NCT05203289,Healthy
NCT04267289,Depression
NCT06309589,Primary Biliary Cholangitis
NCT06097689,Type 1 Diabetes Mellitus
NCT06097689,Type 1 Diabetes Mellitus with Hypoglycemia
NCT06097689,Type 1 Diabetes Mellitus with Hyperglycemia
NCT07032389,Acute Coronary Syndrome
NCT05958589,Postoperative Pain
NCT07317089,Skin Aging
NCT07317089,Sagging Skin
NCT07317089,Laxity; Skin
NCT04538989,Congenital Hyperinsulinism
NCT07008989,Memory Replay
NCT07008989,HippoCamera
NCT02880189,Obesity
NCT02880189,Non-Alcoholic Steatohepatitis
NCT02050789,Patient Safety
NCT02050789,Resident Work Hours
NCT03069989,Idiopathic Pulmonary Fibrosis
NCT06886789,Cardiovascular Diseases
NCT06886789,Cardiac Rehabilitation
NCT03638089,Stroke
NCT00494468,Insomnia
NCT00494468,Sleep Disorder
NCT03962868,Colonic Polyp
NCT04436068,Hydrocephalus
NCT04436068,Neurological Disorder
NCT03133468,Healthy Participants
NCT04013568,Breast Cancer
NCT07716150,Sports Physical Therapy
NCT07229950,Adult Patients With Moderately to Severely Active Ulcerative Colitis
NCT05786950,Chronic Obstructive Pulmonary Disease
NCT07084350,Type II Diabetes Mellitus
NCT03537950,Autism Spectrum Disorder
NCT05575050,Microbial Colonization
NCT05575050,COVID-19 Respiratory Infection
NCT05575050,Dysbiosis
NCT05575050,VAP - Ventilator Associated Pneumonia
NCT05575050,HAI
NCT04802850,Chronic Low Back Pain
NCT02310750,Plaque Psoriasis
NCT00005774,"Infant, Newborn"
NCT00005774,Respiratory Distress Syndrome
NCT00005774,Respiratory Insufficiency
NCT00237874,Schizophrenia
NCT00237874,Psychosis
NCT01879774,Hyponatremia
NCT07546474,Out-of-hospital Cardiac Arrest (OHCA)
NCT07546474,Emergency Medical Services
NCT04484974,Overweight and Obesity
NCT05101018,Osteoporosis
NCT05101018,Spinal Cord Injuries
NCT05251818,Acupressure
NCT05251818,Bowel Functions
NCT03019718,Implementation
NCT01273818,Inguinal Hernia
NCT01060618,HIV Infections
NCT05833490,Stroke
NCT04465890,Chronic Hepatitis b
NCT05039190,Myasthenia Gravis
NCT01995890,Intraocular Pressure
NCT00095290,Albuminuria
NCT02523690,Muscle Weakness
NCT02523690,Sepsis
NCT01349413,Dyspepsia
NCT01349413,Gastroesophageal Reflux
NCT05600413,Menopause
NCT07582913,Cerebral Oxygenation
NCT07582913,Peripheral Oxygenation
NCT07582913,Geriatrics
NCT07582913,Ventilation
NCT07582913,Near-Infrared Spectroscopy
NCT05856513,Hepatic Impairment
NCT05856513,Pharmacokinetics
NCT04531813,Hypersensitivity
NCT04134013,Low Back Pain
NCT04134013,Nutrition Poor
NCT00036413,Amyotrophic Lateral Sclerosis
NCT01277913,Diabetes Mellitus Type 1
NCT01552213,Diabetes
NCT01552213,Pregnancy
NCT00120913,Breakthrough Bleeding
NCT00778713,Healthy
NCT02327013,Attention Deficit Hyperactivity Disorder
NCT03272113,Smoking Cessation
NCT03272113,Pregnancy Related
NCT05677113,Colorectal Cancer
NCT05677113,Liver Metastases
NCT07001813,Implant Therapy
NCT06960213,Hereditary Angioedema
NCT06960213,HAE
NCT06960213,Hereditary Angioedema - Type 1
NCT06960213,Hereditary Angioedema - Type 2
NCT05131113,Oncology
NCT05131113,"Solid Tumor, Adult"
NCT02688413,Stroke
NCT02688413,Motor Disorders
NCT07693413,Stroke
NCT02687113,Liver Cancer
NCT04044313,Hepatocellular Carcinoma
NCT00191113,Turner Syndrome
NCT06780813,Supplemental Oxygen
NCT06780813,Gynecological Cancer
NCT06780813,Surgical Site Infections
NCT03599713,Metastatic Merkel Cell Carcinoma
NCT01530360,Premature Infants
NCT01530360,Near-infrared Spectroscopy
NCT01530360,Oximetry
NCT03514160,Mobility Limitation
NCT03514160,Sedentary Lifestyle
NCT03514160,Older Adults
NCT06831760,Venous Leg Ulcers
NCT02152852,Type 2 Diabetes
NCT07065552,Endometrial Cancer
NCT07065552,Obesity
NCT05896852,HIV-1-infection
NCT05896852,Metabolic Syndrome
NCT02317952,Milk Allergy
NCT01304147,Major Depressive Disorder
NCT04162847,Anxiety Disorders
NCT04162847,Depressive Disorder
NCT04162847,Eating Disorders
NCT05009849,Breast Cancer Patients
NCT02880449,Physical Activity
NCT02880449,Health Behaviour
NCT04508049,Hypertension
NCT04508049,Renovascular
NCT02907749,Cirrhosis
NCT02907749,Portal Hypertension
NCT02709538,Perennial Allergic Rhinitis
NCT01785238,Neonatal Acute Renal Failure in Preterm
NCT04762238,Carpal Tunnel Syndrome
NCT04762238,Physical Therapy Modalities
NCT04762238,Ultrasonography
NCT00208338,Arm Injuries
NCT03194438,Pulmonary Hypertension
NCT03194438,Chronic Disease
NCT02784938,Mental Illness
NCT03480438,B-Precursor ALL
NCT00367458,HIV
NCT05819658,Progressive Supranuclear Palsy
NCT06646458,Healthy Volunteers
NCT06646458,Healthy Elderly
NCT03077048,"Renal Insufficiency, Chronic"
NCT05119348,Covid19
NCT05119348,Sars-CoV-2 Infection
NCT06198348,Polycystic Ovary Syndrome
NCT06562348,Gastrointestinal Neoplasm
NCT04297748,Non-Small Cell Lung Cancer
NCT00523848,Multiple Myeloma and Plasma Cell Neoplasm
NCT02554955,Heart Transplantation
NCT03557255,Heart Failure
NCT06436326,Gestational Diabetes Mellitus
NCT06436326,Continuous Glucose Monitoring
NCT00377026,Overweight
NCT00377026,Obesity
NCT06735326,Ovarian Cancer
NCT06735326,Fallopian Tube Cancer
NCT06735326,Peritoneal Cancer
NCT06442826,Anxiety
NCT06442826,Stress
NCT06442826,Insomnia
NCT02294526,Type 2 Diabetes
NCT06060626,Sedation Complication
NCT06060626,Ventilatory Depression
NCT06002126,Cervix Cancer
NCT06002126,HPV Infection
NCT06002126,Cervical High Grade Squamous Intraepithelial Lesion
NCT06002126,HIV Infections
NCT03862326,Urinary Incontinence
NCT05517226,Hepatic Impairment
NCT01691378,Traumatic Brain Injury
NCT01691378,Hopelessness
NCT01691378,Suicide
NCT05972278,Lipid Metabolism
NCT03916978,"Infertility, Female"
NCT03916978,Anovulatory Infertility
NCT03916978,Menopause
NCT03916978,Amenorrhea
NCT06550778,Anxiety
NCT06550778,Mindfulness
NCT06550778,Emotional Regulation
NCT03050385,Transcranial Direct Current Stimulation
NCT03050385,Neurocognitive Disorders
NCT02479685,Pelvic Organ Prolapse
NCT00207285,Sleep Disorders
NCT00207285,"Sleep Apnea, Obstructive"
NCT00207285,Restless Legs Syndrome
NCT00207285,"Sleep Disorders, Circadian Rhythm"
NCT00207285,Sleep Initiation and Maintenance Disorders
NCT07361185,Fluoroquinolone
NCT07361185,Adult
NCT03397485,Undernutrition
NCT03736785,Type 2 Diabetes Mellitus
NCT06624943,Type 1 Diabetes (T1D)
NCT05408078,Insomnia Disorder
NCT04745078,Periorbital Disorder
NCT02530385,Obesity
NCT06972485,Geriatric Patient
NCT06972485,Spinal Anesthesia
NCT06972485,Hip Surgery
NCT03835585,Suicide
NCT00816985,Breast Cancer
NCT00439985,Type 1 Diabetes Mellitus
NCT00000743,HIV Infections
NCT06938243,Stroke
NCT06938243,Motor Rehabilitation
NCT00625443,Idiopathic Thrombocytopenic Purpura
NCT03974243,Non-hodgkin's Lymphoma
NCT06922643,Chronic Hepatitis C
NCT02689843,Polycystic Ovary Syndrome
NCT07570043,Perimenopause
NCT07570043,Menopausal Symptoms
NCT07570043,Menopause-Related Quality of Life
NCT07570043,Microbiome
NCT01410643,Obesity
NCT02546843,Neuromuscular Blockade
NCT04028843,Weight Gain During Pregnancy
NCT04357743,COPD
NCT06046443,Hypothalamic Obesity
NCT00647543,Dyslipidemias
NCT00513643,Diabetes Mellitus
NCT06683443,Dementia
NCT06683443,Delirium
NCT05514743,Liver Transplant; Complications
NCT04418843,Adenoma Colon
NCT04418843,Serrated Polyp
NCT04418843,Serrated Adenoma
NCT04418843,Colorectal Neoplasms
NCT06769243,Obsessive-Compulsive Disorder
NCT06769243,Cognitive Flexiblity
NCT07534943,Intracanal Medicaments
NCT07534943,Inflammatory Cytokines
NCT07534943,Endodotic Microbiota
NCT07583043,Overweight and Obesity
NCT00542243,Enlarged Prostate
NCT03768843,Tramatic Odontoid Fracture
NCT00638443,Lumbar Spinal Stenosis
NCT01136915,Coronary Artery Stenosis
NCT02239315,Breast Neoplasms
NCT00802815,Inclusion Body Myositis
NCT02230215,Osteoarthritis
NCT00333515,Healthy Volunteers
NCT00333515,Chemical Terrorism
NCT00333515,Chemical Warfare
NCT03024515,Pain Control
NCT06385015,"Diabetes Mellitus, Type 2"
NCT06385015,PreDiabetes
NCT06171035,"Satisfaction, Personal"
NCT04221035,High-Risk Neuroblastoma
NCT04221035,Patient With Insufficient Response Chemoimmunotherapy
NCT01821235,Epilepsy and Neuropathic Pain
NCT05582135,"Gynecological; Surgery (Previous), Affecting Fetus or Newborn, Due to Obstructed Labor"
NCT05582135,Analgesia
NCT01146535,Influenza A Virus Infection
NCT06821308,Dental Implant Bone Loss
NCT03027908,Gingival Diseases
NCT03096808,Head and Neck Cancer
NCT03096808,Paranasal Sinus Cancer
NCT03096808,Oropharynx Cancer
NCT03096808,Oral Cavity Cancer
NCT03096808,Nasopharynx Cancer
NCT03096808,Larynx Cancer
NCT03096808,Hypopharynx Cancer
NCT02912208,Myelodysplastic Syndromes
NCT02912208,Thrombocytopenia
NCT02429908,Degenerative Disc Disease
NCT01226108,Tinnitus
NCT02338908,Shoulder Pain
NCT02526108,Obesity
NCT05143008,Pregnancy Related
NCT05143008,Weight Gain
NCT05143008,Maternal
NCT06735625,in Relation to Sickle Cell Disease
NCT05791825,"Health, Subjective"
NCT05791825,Work Related Stress
NCT05791825,Compassion
NCT05791825,Social Skills
NCT05123625,Bladder Cancer
NCT02042625,Hypothermia
NCT00736125,Postoperative Complications
NCT00736125,Memory Disorders
NCT01771276,Obesity
NCT03462576,Decompensated Cirrhosis
NCT07122076,Autoimmune Diseases
NCT00006276,Psoriasis
NCT04749017,Smoking Reduction
NCT05785117,Metabolic Syndrome
NCT01098240,Major Depressive Disorder
NCT01203540,Allergic Conjunctivitis
NCT05411289,Labor Pain
NCT03219840,Gingivitis
NCT03219840,"Plaque, Dental"
NCT03219840,Periodontal Diseases
NCT07054489,Heart Failure
NCT07054489,Polygenic Score
NCT02078089,Cancer
NCT01014689,Acne Vulgaris
NCT05177289,Chemotherapy-induced Alopecia
NCT02726789,"Hepatitis B, Chronic"
NCT04770389,Dyslipidemias
NCT04770389,High Cholesterol
NCT04770389,Hypercholesterolemia
NCT06685289,Biliary Malignant Tumors
NCT04415489,Infertility
NCT00537368,Cancer
NCT05725668,Mild Cognitive Impairment
NCT05725668,Accidental Falls
NCT05725668,Aging
