entity,iso_code,date,total_vaccinations,people_vaccinated,people_fully_vaccinated,total_boosters,people_vaccinated_per_hundred,people_fully_vaccinated_per_hundred
Falkland Islands,FLK,2021-04-14,4407.0,2632.0,1775.0,,69.24,46.7
Saint Helena,SHN,2021-05-05,7892.0,4361.0,3531.0,,80.74,65.38
Bonaire Sint Eustatius and Saba,BES,2021-09-01,35845.0,19109.0,16736.0,,70.64,61.87
Monaco,MCO,2021-12-21,65140.0,28875.0,25667.0,10598.0,79.13,70.34
Bosnia and Herzegovina,BIH,2022-01-29,1924950.0,943394.0,846080.0,,29.18,26.17
Faeroe Islands,FRO,2022-02-18,103894.0,41715.0,40895.0,21284.0,78.53,76.99
Greenland,GRL,2022-03-14,79738.0,41227.0,38511.0,,72.98,68.17
Iceland,ISL,2022-03-29,805469.0,309770.0,290193.0,250542.0,83.07,77.82
Mongolia,MNG,2022-05-18,5492919.0,,,1044337.0,,
San Marino,SMR,2022-05-22,69338.0,26357.0,23633.0,19348.0,78.23,70.15
Suriname,SUR,2022-05-23,505699.0,267820.0,237879.0,48889.0,43.33,38.49
United Arab Emirates,ARE,2022-06-20,24922054.0,9991089.0,9792266.0,5138699.0,105.83,103.72
Isle of Man,IMN,2022-06-23,189994.0,69560.0,67106.0,53328.0,82.29,79.38
Serbia,SRB,2022-06-23,8534688.0,3354075.0,3278198.0,1902412.0,48.81,47.71
Slovenia,SVN,2022-07-06,2996643.0,,,,,
Bermuda,BMU,2022-07-08,132042.0,48554.0,47657.0,35831.0,75.62,74.22
Latvia,LVA,2022-07-11,2895716.0,1346184.0,1305976.0,529562.0,72.74,70.57
Equatorial Guinea,GNQ,2022-07-24,488738.0,270109.0,214032.0,4597.0,16.13,12.78
Congo,COG,2022-07-31,833210.0,695760.0,654119.0,,11.65,10.96
Slovakia,SVK,2022-07-31,5754313.0,2595901.0,2577827.0,684026.0,46.0,45.68
Laos,LAO,2022-08-11,11111066.0,5888649.0,5222417.0,,78.21,69.36
Jordan,JOR,2022-08-21,10057975.0,4821579.0,4558313.0,682211.0,42.72,40.39
Montenegro,MNE,2022-08-26,679171.0,292783.0,284869.0,101519.0,46.69,45.43
Azerbaijan,AZE,2022-08-28,13857111.0,5373253.0,4862494.0,3362453.0,51.88,46.94
Pitcairn,PCN,2022-08-29,117.0,47.0,47.0,23.0,100.0,100.0
Algeria,DZA,2022-09-04,15267442.0,7840131.0,6481186.0,575651.0,17.46,14.43
Scotland,OWID_SCT,2022-09-11,,4549556.0,4285946.0,,83.23,78.41
United Kingdom,GBR,2022-09-11,,53813491.0,50762968.0,,79.71,75.19
Antigua and Barbuda,ATG,2022-09-16,136512.0,64290.0,62384.0,9838.0,68.56,66.53
British Virgin Islands,VGB,2022-09-16,41453.0,19466.0,18261.0,3726.0,62.13,58.28
Trinidad and Tobago,TTO,2022-09-21,1580898.0,753588.0,716898.0,168619.0,49.22,46.82
Cape Verde,CPV,2022-09-25,859940.0,356734.0,308720.0,749.0,60.14,52.05
Thailand,THA,2022-09-30,142635014.0,57005497.0,53486086.0,32143431.0,79.51,74.6
Comoros,COM,2022-10-02,835021.0,438825.0,397080.0,,52.44,47.45
El Salvador,SLV,2022-10-02,11289175.0,4652597.0,4344286.0,2292292.0,73.43,68.56
Dominica,DMA,2022-10-07,67647.0,32995.0,30659.0,3993.0,45.35,42.14
Bolivia,BOL,2022-10-07,14690530.0,7361008.0,6160585.0,2167589.0,60.22,50.4
Zimbabwe,ZWE,2022-10-09,12222754.0,6437808.0,4751270.0,1033676.0,39.45,29.11
Georgia,GEO,2022-10-13,2930677.0,1654504.0,1276173.0,,44.19,34.08
Palestine,PSE,2022-10-18,3748571.0,2012767.0,1776973.0,336967.0,38.34,33.85
Oman,OMN,2022-10-25,7108547.0,3279632.0,3048826.0,779859.0,71.67,66.62
Bhutan,BTN,2022-10-30,2011426.0,699116.0,677669.0,634641.0,89.35,86.61
Sri Lanka,LKA,2022-10-30,40116590.0,17143761.0,14752827.0,8220002.0,78.53,67.57
Solomon Islands,SLB,2022-10-31,625956.0,343821.0,254352.0,27783.0,47.47,35.12
Norway,NOR,2022-11-13,12145560.0,4346995.0,4054726.0,3743839.0,79.99,74.61
Mexico,MEX,2022-11-18,,,,57026630.0,,
Turkey,TUR,2022-11-22,152543341.0,57941051.0,53176961.0,41425329.0,67.89,62.31
Saint Lucia,LCA,2022-12-02,122977.0,60140.0,54971.0,,33.43,30.56
Tokelau,TKL,2022-12-05,5374.0,2203.0,2203.0,968.0,116.38,116.38
Northern Cyprus,OWID_CYN,2022-12-06,,,313067.0,,,81.78
Saint Kitts and Nevis,KNA,2022-12-07,,33794.0,,,70.88,
Venezuela,VEN,2022-12-07,37860994.0,22157232.0,,651502.0,78.29,
Liberia,LBR,2022-12-11,4460668.0,3903802.0,3730967.0,1987.0,73.62,70.36
Montserrat,MSR,2022-12-16,4619.0,2104.0,1952.0,563.0,47.68,44.23
Gibraltar,GIB,2022-12-16,132810.0,42175.0,41465.0,49170.0,129.07,126.89
Benin,BEN,2022-12-18,4232541.0,3697190.0,2742837.0,,27.69,20.54
Guernsey,GGY,2022-12-19,178525.0,54223.0,52710.0,69339.0,85.62,83.23
Bahrain,BHR,2022-12-21,3476633.0,1241174.0,1226796.0,1008663.0,84.31,83.33
Lebanon,LBN,2022-12-22,5814699.0,2740227.0,2414223.0,660249.0,49.92,43.98
Hungary,HUN,2022-12-27,,6420813.0,6207249.0,4316982.0,64.42,62.28
Iraq,IRQ,2023-01-02,19557364.0,11332925.0,7944775.0,275280.0,25.47,17.85
Turks and Caicos Islands,TCA,2023-01-06,73907.0,32815.0,30710.0,7443.0,71.76,67.16
Libya,LBY,2023-01-16,3739158.0,2316327.0,1236102.0,186729.0,34.0,18.15
Wallis and Futuna,WLF,2023-01-23,18058.0,7150.0,6803.0,3766.0,61.66,58.67
Jersey,JEY,2023-01-29,266953.0,84365.0,81882.0,73662.0,76.14,73.9
Singapore,SGP,2023-01-31,,5160551.0,5120969.0,,91.55,90.85
Tuvalu,TUV,2023-02-01,26783.0,9763.0,9505.0,5745.0,86.13,83.86
Gabon,GAB,2023-02-05,572672.0,311244.0,257471.0,2592.0,13.03,10.78
China,CHN,2023-02-09,3491077000.0,1310292000.0,1276760000.0,826913000.0,91.89,89.54
Kosovo,OWID_KOS,2023-02-12,1837446.0,906858.0,825082.0,105506.0,50.89,46.3
Cook Islands,COK,2023-02-13,40854.0,15112.0,14728.0,10240.0,88.73,86.47
Guyana,GUY,2023-02-17,960133.0,495285.0,381984.0,82864.0,61.24,47.23
Cote d'Ivoire,CIV,2023-02-19,25263932.0,13568372.0,12164304.0,3138712.0,48.18,43.2
Nauru,NRU,2023-02-20,32157.0,13106.0,11346.0,7705.0,103.27,89.4
Vanuatu,VUT,2023-02-20,366638.0,176624.0,162250.0,27697.0,54.06,49.66
Kiribati,KIR,2023-02-20,219980.0,100900.0,81474.0,37606.0,76.88,62.08
Cyprus,CYP,2023-02-22,1798610.0,671193.0,646142.0,481275.0,74.91,72.11
Niue,NIU,2023-03-04,4923.0,1638.0,1635.0,1225.0,83.91,83.76
Tanzania,TZA,2023-03-12,39392419.0,34434933.0,32165791.0,,52.57,49.11
Grenada,GRD,2023-03-17,90686.0,44241.0,39034.0,7411.0,35.26,31.11
Anguilla,AIA,2023-03-17,,10854.0,10380.0,,68.36,65.38
Gambia,GMB,2023-03-19,1444492.0,674314.0,539186.0,53741.0,24.92,19.93
Lesotho,LSO,2023-03-19,1339097.0,1014073.0,938088.0,177816.0,43.98,40.68
Philippines,PHL,2023-03-19,189317158.0,82684774.0,78443972.0,23811248.0,71.55,67.88
Brazil,BRA,2023-03-22,486436436.0,189643431.0,176164186.0,126388587.0,88.08,81.82
Sint Maarten (Dutch part),SXM,2023-03-31,66829.0,29788.0,26773.0,9146.0,67.41,60.58
Ecuador,ECU,2023-03-31,39564195.0,15333873.0,14240587.0,10554926.0,85.18,79.11
Kenya,KEN,2023-04-02,23750431.0,14494372.0,11090440.0,2000636.0,26.83,20.53
Sudan,SDN,2023-04-02,22598737.0,15207452.0,13416394.0,3891363.0,32.44,28.62
Germany,DEU,2023-04-07,192221468.0,64876299.0,63563414.0,64791434.0,77.82,76.24
Seychelles,SYC,2023-04-09,224558.0,88520.0,83565.0,44936.0,82.62,78.0
Tonga,TON,2023-04-11,203208.0,87342.0,77360.0,38506.0,81.73,72.39
Macao,MAC,2023-04-13,1802985.0,679703.0,642266.0,481016.0,97.77,92.39
Samoa,WSM,2023-04-17,453083.0,191403.0,177954.0,82268.0,86.07,80.02
Syria,SYR,2023-04-18,5090630.0,3295630.0,2358365.0,75881.0,14.9,10.66
Saint Vincent and the Grenadines,VCT,2023-04-21,73443.0,37532.0,31632.0,4279.0,36.1,30.43
Saudi Arabia,SAU,2023-04-25,68534631.0,27041364.0,25433941.0,,74.27,69.86
Kazakhstan,KAZ,2023-04-30,38355605.0,,,,,
French Polynesia,PYF,2023-05-01,502952.0,190908.0,186803.0,112237.0,62.33,60.99
Papua New Guinea,PNG,2023-05-01,737695.0,382020.0,321192.0,34483.0,3.77,3.17
Fiji,FJI,2023-05-01,1555182.0,712025.0,641194.0,172046.0,76.58,68.96
Israel,ISR,2023-05-04,18649248.0,6723119.0,6159825.0,5766304.0,71.15,65.19
Qatar,QAT,2023-05-07,7609178.0,2852178.0,2852178.0,1904822.0,105.83,105.83
Japan,JPN,2023-05-07,383747738.0,104705133.0,103380343.0,175662262.0,84.47,83.4
North Macedonia,MKD,2023-05-07,1862987.0,854570.0,838181.0,161633.0,40.82,40.04
New Caledonia,NCL,2023-05-09,480702.0,192375.0,184816.0,103511.0,66.35,63.74
United States,USA,2023-05-09,676728782.0,270227181.0,230637348.0,,81.39,69.47
Panama,PAN,2023-05-12,8893001.0,3533477.0,3174155.0,2033783.0,80.15,72.0
Guatemala,GTM,2023-05-12,20362104.0,8933623.0,7126305.0,4302176.0,50.07,39.94
Bahamas,BHS,2023-05-12,366359.0,174810.0,166972.0,36965.0,42.64,40.73
Belize,BLZ,2023-05-12,,,221402.0,53198.0,,54.63
Curacao,CUW,2023-05-12,260324.0,,100885.0,49213.0,,52.77
Paraguay,PRY,2023-05-12,9745545.0,3993938.0,3546685.0,2204922.0,58.9,52.31
Morocco,MAR,2023-05-14,55389602.0,25020168.0,23521989.0,6925973.0,66.8,62.8
Mali,MLI,2023-05-14,5922585.0,4354292.0,3633589.0,,19.27,16.08
Egypt,EGY,2023-05-21,112673535.0,56907319.0,42337175.0,15217352.0,51.27,38.15
Spain,ESP,2023-05-24,105840320.0,41351234.0,40739123.0,26559282.0,86.95,85.66
Maldives,MDV,2023-05-25,951764.0,399308.0,385167.0,167289.0,76.23,73.53
South Korea,KOR,2023-05-26,,44784499.0,44372679.0,,86.43,85.64
Ethiopia,ETH,2023-05-28,68856793.0,52489512.0,43653006.0,5978070.0,42.54,35.38
Uganda,UGA,2023-05-28,26406936.0,20033189.0,13061126.0,764664.0,42.4,27.64
Eswatini,SWZ,2023-06-04,870205.0,526050.0,427335.0,179450.0,43.78,35.56
Democratic Republic of Congo,COD,2023-06-04,18808671.0,17045721.0,14399520.0,,17.22,14.54
Rwanda,RWA,2023-06-04,27322059.0,10884714.0,10399665.0,5879013.0,79.01,75.49
Liechtenstein,LIE,2023-06-07,74337.0,26771.0,,22087.0,68.02,
Luxembourg,LUX,2023-06-11,,,462702.0,,,71.45
Tunisia,TUN,2023-06-20,13253317.0,7218871.0,6401841.0,1258577.0,58.42,51.81
Zambia,ZMB,2023-06-25,,11711565.0,,,58.51,
Wales,OWID_WLS,2023-06-30,8932482.0,,,,,
Austria,AUT,2023-06-30,20468731.0,6899873.0,6683263.0,5405966.0,77.18,74.76
Brunei,BRN,2023-06-30,1293100.0,451149.0,446714.0,340466.0,100.48,99.49
Vietnam,VNM,2023-06-30,266492149.0,90497674.0,85961564.0,57975220.0,92.17,87.55
Ghana,GHA,2023-07-02,25624828.0,13864186.0,10780003.0,4806017.0,41.42,32.2
Mozambique,MOZ,2023-07-02,34950858.0,22869646.0,21329745.0,2323562.0,69.37,64.7
Switzerland,CHE,2023-07-03,16940716.0,6096911.0,,4885838.0,69.75,
France,FRA,2023-07-10,154493266.0,54677678.0,53192478.0,47705542.0,80.63,78.44
England,OWID_ENG,2023-07-10,,45417090.0,42951064.0,,80.31,75.95
Northern Ireland,OWID_NIR,2023-07-11,4600649.0,1430694.0,1361003.0,,75.46,71.78
Burkina Faso,BFA,2023-07-23,7893609.0,6089089.0,5232347.0,4056.0,26.86,23.08
Somalia,SOM,2023-07-25,10555834.0,8972167.0,7666835.0,28134.0,50.99,43.57
Sierra Leone,SLE,2023-07-30,9155936.0,5676123.0,4961886.0,1201709.0,65.96,57.66
Madagascar,MDG,2023-07-30,3092063.0,2710365.0,2628849.0,169187.0,9.15,8.88
Niger,NER,2023-07-30,7372208.0,6248483.0,5483001.0,,23.84,20.92
Mauritius,MUS,2023-07-30,2616012.0,1123773.0,1088142.0,654507.0,86.48,83.74
Sao Tome and Principe,STP,2023-07-30,263863.0,140256.0,111986.0,34624.0,61.68,49.25
Turkmenistan,TKM,2023-08-06,16775970.0,4614869.0,4568901.0,3816400.0,71.76,71.05
Nicaragua,NIC,2023-08-11,15507763.0,6404524.0,6126708.0,2892531.0,92.17,88.17
Honduras,HND,2023-08-11,17074861.0,6596213.0,5853689.0,4872295.0,63.23,56.11
Myanmar,MMR,2023-08-21,93477104.0,41551927.0,35937796.0,15987381.0,76.69,66.33
Belarus,BLR,2023-09-03,22511000.0,6536392.0,6414996.0,5720777.0,68.55,67.28
Central African Republic,CAF,2023-09-03,3342248.0,2600389.0,2484985.0,366221.0,46.61,44.54
Kyrgyzstan,KGZ,2023-09-08,3661335.0,1736541.0,1406016.0,,26.19,21.2
Albania,ALB,2023-09-10,3088966.0,1349255.0,1279333.0,402371.0,47.47,45.01
Andorra,AND,2023-09-24,157072.0,57913.0,53501.0,43071.0,72.53,67.01
South Africa,ZAF,2023-09-24,41798812.0,24210953.0,21038797.0,4410601.0,40.42,35.13
Malawi,MWI,2023-09-24,8503954.0,5433538.0,4288014.0,1232829.0,26.63,21.01
Taiwan,TWN,2023-09-24,68158988.0,21899240.0,20793089.0,25466659.0,91.65,87.02
Guinea,GIN,2023-09-24,12049511.0,8715641.0,5853990.0,425378.0,62.89,42.24
Russia,RUS,2023-09-27,,,79702396.0,,,55.08
Portugal,PRT,2023-09-29,28314797.0,9821414.0,8909769.0,7086326.0,95.62,86.75
Netherlands,NLD,2023-09-29,39764182.0,12582081.0,11768644.0,9416761.0,71.64,67.0
Denmark,DNK,2023-09-29,14961517.0,4746522.0,4712002.0,3617006.0,80.69,80.11
South Sudan,SSD,2023-10-01,4365547.0,4315127.0,4273253.0,513122.0,39.54,39.16
Armenia,ARM,2023-10-01,2256919.0,1150915.0,1030758.0,81354.0,41.39,37.07
Jamaica,JAM,2023-10-03,1528445.0,859773.0,760132.0,46065.0,30.41,26.88
Costa Rica,CRI,2023-10-06,13576935.0,4650636.0,4369784.0,2986527.0,89.77,84.35
Djibouti,DJI,2023-10-08,442199.0,421573.0,401208.0,,37.61,35.79
Cameroon,CMR,2023-10-15,4880572.0,3753733.0,3197286.0,803560.0,13.45,11.45
Guinea-Bissau,GNB,2023-10-15,920752.0,747057.0,547637.0,76359.0,35.48,26.01
Nigeria,NGA,2023-11-05,133048021.0,93829435.0,81297808.0,16826715.0,42.93,37.2
Poland,POL,2023-11-10,58032403.0,22877472.0,,15394535.0,57.4,
Namibia,NAM,2023-11-12,1005937.0,629767.0,550978.0,298560.0,24.53,21.46
Senegal,SEN,2023-11-12,3179647.0,2684696.0,1546628.0,815965.0,15.5,8.93
Uruguay,URY,2023-11-13,9036273.0,3010451.0,2903089.0,3122733.0,87.95,84.82
Pakistan,PAK,2023-11-14,340974144.0,165567890.0,140475871.0,53152375.0,70.21,59.57
Italy,ITA,2023-11-16,144608839.0,50936719.0,47947097.0,47765365.0,86.28,81.21
Mauritania,MRT,2023-11-19,4075874.0,2103754.0,1540597.0,383937.0,44.42,32.53
Togo,TGO,2023-11-19,3423181.0,2255579.0,1554066.0,427804.0,25.49,17.56
Timor,TLS,2023-11-22,2028798.0,886838.0,801759.0,340201.0,66.12,59.77
Nepal,NPL,2023-11-23,62627629.0,27883196.0,24471043.0,10273390.0,91.28,80.11
Indonesia,IDN,2023-11-23,448199860.0,204419394.0,174965137.0,69356250.0,74.2,63.51
Kuwait,KWT,2023-11-26,8261221.0,3457498.0,3346176.0,1457547.0,80.99,78.39
Iran,IRN,2023-11-26,155461757.0,65199831.0,58585264.0,31352288.0,73.63,66.16
Croatia,HRV,2023-11-28,5374628.0,2323025.0,2251809.0,,57.64,55.87
Yemen,YEM,2023-12-10,1298654.0,1050202.0,807057.0,68925.0,3.12,2.4
Peru,PER,2023-12-10,91412580.0,30563708.0,28709644.0,32139228.0,89.76,84.32
Ukraine,UKR,2023-12-23,35735488.0,16267198.0,15741036.0,3294979.0,40.97,39.65
Romania,ROU,2023-12-23,,8188137.0,,,41.65,
Uzbekistan,UZB,2023-12-23,83937954.0,22094470.0,18451781.0,16413048.0,63.81,53.29
Moldova,MDA,2023-12-23,2293086.0,1109524.0,1078961.0,406022.0,33.9,32.97
Tajikistan,TJK,2023-12-23,20568163.0,5328277.0,5191919.0,5322496.0,53.54,52.17
Dominican Republic,DOM,2023-12-28,16430339.0,7367193.0,6130377.0,2574938.0,65.61,54.6
Colombia,COL,2023-12-29,90931192.0,43012174.0,37204128.0,14944212.0,82.92,71.72
Chile,CHL,2023-12-29,66864900.0,,,,,
Haiti,HTI,2023-12-29,680104.0,521396.0,366339.0,,4.5,3.16
Barbados,BRB,2023-12-29,384049.0,163853.0,155047.0,62848.0,58.18,55.05
Cayman Islands,CYM,2023-12-29,152148.0,62113.0,60696.0,24064.0,90.38,88.32
Africa,OWID_AFR,2023-12-31,863237900.0,555027330.0,462411423.0,97944965.0,38.9,32.41
Angola,AGO,2023-12-31,27819132.0,16550642.0,9609080.0,3067091.0,46.5,27.0
Chad,TCD,2023-12-31,9151765.0,5147667.0,5020360.0,4042573.0,29.04,28.33
Low income,OWID_LIC,2023-12-31,333448906.0,241619542.0,204944352.0,30288516.0,32.76,27.79
Afghanistan,AFG,2023-12-31,22964750.0,19151369.0,18370386.0,2729940.0,46.56,44.67
Australia,AUS,2023-12-31,69686752.0,,,,,
Botswana,BWA,2023-12-31,3171667.0,1951054.0,1663490.0,510809.0,74.18,63.24
Burundi,BDI,2023-12-31,42252.0,36909.0,36321.0,314.0,0.29,0.28
Cambodia,KHM,2023-12-31,47826645.0,15316670.0,14693274.0,10782710.0,91.35,87.63
Finland,FIN,2024-01-09,13327120.0,4524288.0,4347113.0,4455719.0,81.65,78.46
South America,OWID_SAM,2024-01-27,964991405.0,375459127.0,337117943.0,257493475.0,85.95,77.18
Argentina,ARG,2024-01-27,116978521.0,41529058.0,34900613.0,37713094.0,91.25,76.69
Belgium,BEL,2024-02-11,31469387.0,,9170945.0,13556521.0,,78.68
Sweden,SWE,2024-02-26,28312817.0,,,,,
Aruba,ABW,2024-03-12,,,84368.0,,,79.25
Malta,MLT,2024-03-19,1408793.0,478953.0,471565.0,492656.0,89.81,88.43
Cuba,CUB,2024-04-12,45995747.0,10805570.0,10053658.0,8792717.0,96.37,89.67
Ireland,IRL,2024-05-10,11148281.0,4112237.0,4065584.0,3211763.0,81.87,80.94
Greece,GRC,2024-06-26,22467978.0,7938031.0,7647076.0,7461944.0,76.44,73.64
Bulgaria,BGR,2024-06-29,4726614.0,,2078006.0,,,30.64
Bangladesh,BGD,2024-07-02,,151507162.0,,,88.5,
North America,OWID_NAM,2024-07-24,1158547416.0,458563506.0,394493922.0,256264817.0,76.39,65.71
Canada,CAN,2024-07-24,102877159.0,,,34890285.0,,
Czechia,CZE,2024-07-31,19047108.0,6982006.0,6895763.0,5581388.0,66.53,65.71
Hong Kong,HKG,2024-08-10,21014839.0,6920120.0,6803327.0,7291392.0,92.41,90.85
Oceania,OWID_OCE,2024-08-11,88358812.0,28960501.0,28072902.0,25400951.0,64.3,62.33
New Zealand,NZL,2024-08-11,13398398.0,,,4944676.0,,
India,IND,2024-08-12,2206868000.0,1027438924.0,951990552.0,,72.5,67.18
Lower middle income,OWID_LMC,2024-08-12,4954377376.0,2281867638.0,2053053994.0,681863964.0,66.49,59.82
Estonia,EST,2024-08-12,2171623.0,870213.0,862748.0,659459.0,65.62,65.06
World,OWID_WRL,2024-08-14,13578774356.0,5631263739.0,5177942957.0,2817381093.0,70.61,64.93
Malaysia,MYS,2024-08-14,72657288.0,28138569.0,27551144.0,17185825.0,82.91,81.18
European Union,OWID_EUN,2024-08-14,951113290.0,338119562.0,327967426.0,282438789.0,75.11,72.86
Upper middle income,OWID_UMC,2024-08-14,5449980941.0,2109015426.0,1990653301.0,1265984687.0,83.49,78.81
Lithuania,LTU,2024-08-14,4604865.0,1958300.0,1881106.0,948621.0,71.21,68.4
Asia,OWID_ASI,2024-08-14,9104304615.0,3689438947.0,3462095463.0,1815176944.0,78.14,73.33
Europe,OWID_EUR,2024-08-14,1399334208.0,523814328.0,493751304.0,365099941.0,70.33,66.29
High income,OWID_HIC,2024-08-14,2840880020.0,998723024.0,929255961.0,839231470.0,79.86,74.31
