db_object_id,db_object_symbol,db_object_name,db_object_type
A0A024RBG1,NUDT4B,Diphosphoinositol polyphosphate phosphohydrolase NUDT4B,protein
A0A075B6N1,TRBV19,T cell receptor beta variable 19,protein
A0A075B6P5,IGKV2-28,Immunoglobulin kappa variable 2-28,protein
A0A075B6S6,IGKV2D-30,Immunoglobulin kappa variable 2D-30,protein
A0A075B6T8,TRAV9-1,T cell receptor alpha variable 9-1,protein
A0A087WT01,TRAV27,T cell receptor alpha variable 27,protein
A0A087X1C5,CYP2D7,Cytochrome P450 2D7,protein
A0A096LP01,SMIM26,Small integral membrane protein 26,protein
A0A096LP55,UQCRHL,"Cytochrome b-c1 complex subunit 6-like, mitochondrial",protein
A0A0A6YYK7,TRAV19,T cell receptor alpha variable 19,protein
A0A0B4J2F0,PIGBOS1,Protein PIGBOS1,protein
A0A0C4DH25,IGKV3D-20,Immunoglobulin kappa variable 3D-20,protein
A0A0C4DH73,IGKV1-12,Immunoglobulin kappa variable 1-12,protein
A0A0C5B5G6,MT-RNR1,Mitochondrial-derived peptide MOTS-c,protein
A0A0K2S4Q6,CD300H,Protein CD300H,protein
A0A0U1RQF7,DPEP2NB,DPEP2 neighbor protein,protein
A0A0U1RRE5,NBDY,Negative regulator of P-body association,protein
A0A1B0GTB2,TUNAR,Protein TUNAR,protein
A0A1B0GTK4,FAM237A,Protein FAM237A,protein
A0A1B0GTL2,C20orf204,Uncharacterized protein C20orf204,protein
A0A1B0GTQ4,MYMX,Protein myomixer,protein
A0A1B0GTR4,SPRR5,Small proline-rich protein 5,protein
A0A1B0GUV7,TEX48,Testis-expressed protein 48,protein
A0A1B0GUW7,TZMP1,Transition zone microprotein 1,protein
A0A1B0GV85,REELD1,Reelin domain-containing protein 1,protein
A0A1B0GVM2,TCAF2C,Peptidase M60 domain-containing protein,protein
A0A1B0GVQ0,SPAAR,Small regulatory polypeptide of amino acid response,protein
A0A1B0GWG4,SERTM2,Serine-rich and transmembrane domain-containing protein 2,protein
A0A1W2PPF3,DUXB,Double homeobox protein B,protein
A0A2R8Y4L2,HNRNPA1L3,Heterogeneous nuclear ribonucleoprotein A1-like 3,protein
A0A2R8Y7D0,TINCR,Ubiquitin domain-containing protein TINCR,protein
A0A3B3IS91,POLGARF,POLG alternative reading frame,protein
A0A455ZAR2,LINC-PINT,Transcriptional regulator PINT87aa,protein
A0A494C1I1,SMIM48,Small integral membrane protein 48,protein
A0A590UK10,ARHGEF18,Rho guanine nucleotide exchange factor 18,protein
A0A590UK83,SMIM45,Small integral membrane protein 45,protein
A0A5B9,TRBC2,T cell receptor beta constant 2,protein
A0A6I8PU40,TUG1,Taurine up-regulated 1 protein,protein
A0A7L8Y648,AQP5-AS1,Micropeptide inhibiting actin cytoskeleton,protein
A0A7P0TBJ1,HAPSTR2,HUWE1-associated protein modifying stress responses 2,protein
A0AV02,SLC12A8,Solute carrier family 12 member 8,protein
A0AV96,RBM47,RNA-binding protein 47,protein
A0AVF1,IFT56,Intraflagellar transport protein 56,protein
A0AVI4,TMEM129,E3 ubiquitin-protein ligase TM129,protein
A0AVK6,E2F8,Transcription factor E2F8,protein
A0AVT1,UBA6,Ubiquitin-like modifier-activating enzyme 6,protein
A0FGR8,ESYT2,Extended synaptotagmin-2,protein
A0FGR9,ESYT3,Extended synaptotagmin-3,protein
A0JLT2,MED19,Mediator of RNA polymerase II transcription subunit 19,protein
A0JNW5,BLTP3B,Bridge-like lipid transfer protein family member 3B,protein
A0JP26,POTEB3,POTE ankyrin domain family member B3,protein
A0M8Q6,IGLC7,Immunoglobulin lambda constant 7,protein
A0MZ66,SHTN1,Shootin-1,protein
A0PJK1,SLC5A10,Sodium/mannose cotransporter SLC5A10,protein
A0PJW6,TMEM223,Transmembrane protein 223,protein
A0PJW8,DAPL1,Death-associated protein-like 1,protein
A0PJX0,CIB4,Calcium and integrin-binding family member 4,protein
A0PJX4,SHISA3,Protein shisa-3 homolog,protein
A0PJY2,FEZF1,Fez family zinc finger protein 1,protein
A0PJZ3,GXYLT2,Glucoside xylosyltransferase 2,protein
A0PK00,TMEM120B,Transmembrane protein 120B,protein
A0PK05,TMEM72,Transmembrane protein 72,protein
A0PK11,CLRN2,Clarin-2,protein
A1A4S6,ARHGAP10,Rho GTPase-activating protein 10,protein
A1A4Y4,IRGM,Immunity-related GTPase family M protein,protein
A1A519,FAM170A,Protein FAM170A,protein
A1A580,KRTAP23-1,Keratin-associated protein 23-1,protein
A1A5B4,ANO9,Anoctamin-9,protein
A1A5C7,SLC22A23,Solute carrier family 22 member 23,protein
A1A5D9,BICDL2,BICD family-like cargo adapter 2,protein
A1E959,ODAM,Odontogenic ameloblast-associated protein,protein
A1IGU5,ARHGEF37,Rho guanine nucleotide exchange factor 37,protein
A1KXE4,FAM168B,Myelin-associated neurite-outgrowth inhibitor,protein
A1KZ92,PXDNL,Probable oxidoreductase PXDNL,protein
A1L020,MEX3A,RNA-binding protein MEX3A,protein
A1L0T0,HACL2,2-hydroxyacyl-CoA lyase 2,protein
A1L162,ERICH2,Glutamate-rich protein 2,protein
A1L167,UBE2QL1,Ubiquitin-conjugating enzyme E2Q-like protein 1,protein
A1L168,C20orf202,Uncharacterized protein C20orf202,protein
A1L170,C1orf226,Uncharacterized protein C1orf226,protein
A1L188,NDUFAF8,NADH dehydrogenase [ubiquinone] 1 alpha subcomplex assembly factor 8,protein
A1L190,SYCE3,Synaptonemal complex central element protein 3,protein
A1L1A6,IGSF23,Immunoglobulin superfamily member 23,protein
A1L390,PLEKHG3,Pleckstrin homology domain-containing family G member 3,protein
A1L3X0,ELOVL7,Very long chain fatty acid elongase 7,protein
A1L3X4,MT1DP,Putative metallothionein MT1DP,protein
A1L429,GAGE12B,G antigen 12B/C/D/E,protein
A1L4H1,SSC5D,Soluble scavenger receptor cysteine-rich domain-containing protein SSC5D,protein
A1L4K1,FSD2,Fibronectin type III and SPRY domain-containing protein 2,protein
A1X283,SH3PXD2B,SH3 and PX domain-containing protein 2B,protein
A1XBS5,CIBAR1,CBY1-interacting BAR domain-containing protein 1,protein
A1YPR0,ZBTB7C,Zinc finger and BTB domain-containing protein 7C,protein
A1Z1Q3,MACROD2,ADP-ribose glycohydrolase MACROD2,protein
A2A288,ZC3H12D,Probable ribonuclease ZC3H12D,protein
A2A2V5,SERTM1,Serine-rich and transmembrane domain-containing protein 1,protein
A2A2Y4,FRMD3,FERM domain-containing protein 3,protein
A2A3K4,PTPDC1,Protein tyrosine phosphatase domain-containing protein 1,protein
A2A3L6,TTC24,Tetratricopeptide repeat protein 24,protein
A2IDD5,CCDC78,Coiled-coil domain-containing protein 78,protein
A2NJV5,IGKV2-29,Immunoglobulin kappa variable 2-29,protein
A2PYH4,HFM1,Probable ATP-dependent DNA helicase HFM1,protein
A2RRD8,ZNF320,Zinc finger protein 320,protein
A2RRH5,WDR27,WD repeat-containing protein 27,protein
A2RRL7,TMEM213,Transmembrane protein 213,protein
A2RRP1,NBAS,NBAS subunit of NRZ tethering complex,protein
A2RTX5,TARS3,"Threonine--tRNA ligase 2, cytoplasmic",protein
A2RTY3,HEATR9,Protein HEATR9,protein
A2RU14,TMEM218,Transmembrane protein 218,protein
A2RU30,TESPA1,Protein TESPA1,protein
A2RU48,SMCO3,Single-pass membrane and coiled-coil domain-containing protein 3,protein
A2RU49,HYKK,Hydroxylysine kinase,protein
A2RU54,HMX2,Homeobox protein HMX2,protein
A2RU67,FAM234B,Protein FAM234B,protein
A2RUB6,CCDC66,Coiled-coil domain-containing protein 66,protein
A2RUC4,TYW5,tRNA wybutosine-synthesizing protein 5,protein
A2RUH7,MYBPHL,Myosin-binding protein H-like,protein
A2RUQ5,TMEM132E-DT,Uncharacterized protein TMEM132E-DT,protein
A2RUS2,DENND3,DENN domain-containing protein 3,protein
A2RUT3,TMEM89,Transmembrane protein 89,protein
A2VCK2,DCDC2B,Doublecortin domain-containing protein 2B,protein
A2VDF0,FUOM,Fucose mutarotase,protein
A2VDJ0,TMEM131L,Transmembrane protein 131-like,protein
A2VEC9,SSPOP,SCO-spondin,protein
A3KMH1,VWA8,von Willebrand factor A domain-containing protein 8,protein
A4D0S4,LAMB4,Laminin subunit beta-4,protein
A4D0T7,SMIM30,Small integral membrane protein 30,protein
A4D0V7,CPED1,Cadherin-like and PC-esterase domain-containing protein 1,protein
A4D126,CRPPA,D-ribitol-5-phosphate cytidylyltransferase,protein
A4D161,FAM221A,Protein FAM221A,protein
A4D1B5,GSAP,Gamma-secretase-activating protein,protein
A4D1E9,GTPBP10,GTP-binding protein 10,protein
A4D1P6,WDR91,WD repeat-containing protein 91,protein
A4D1S5,RAB19,Ras-related protein Rab-19,protein
A4D1T9,PRSS37,Probable inactive serine protease 37,protein
A4D256,CDC14C,Dual specificity protein phosphatase CDC14C,protein
A4D2B0,MBLAC1,Metallo-beta-lactamase domain-containing protein 1,protein
A4D2G3,OR2A25,Olfactory receptor 2A25,protein
A4D2P6,GRID2IP,Delphilin,protein
A4FU01,MTMR11,Myotubularin-related protein 11,protein
A4GXA9,EME2,Structure-specific endonuclease subunit EME2,protein
A4IF30,SLC35F4,Solute carrier family 35 member F4,protein
A4QMS7,CFAP90,Cilia- and flagella-associated protein 90,protein
A4UGR9,XIRP2,Xin actin-binding repeat-containing protein 2,protein
A5A3E0,POTEF,POTE ankyrin domain family member F,protein
A5D6W6,FITM1,Fat storage-inducing transmembrane protein 1,protein
A5D8T8,CLEC18A,C-type lectin domain family 18 member A,protein
A5D8V6,VPS37C,Vacuolar protein sorting-associated protein 37C,protein
A5D8V7,ODAD3,Outer dynein arm-docking complex subunit 3,protein
A5D8W1,CFAP69,Cilia- and flagella-associated protein 69,protein
A5LHX3,PSMB11,Proteasome subunit beta type-11,protein
A5PKW4,PSD,PH and SEC7 domain-containing protein 1,protein
A5PLL1,ANKRD34B,Ankyrin repeat domain-containing protein 34B,protein
A5PLL7,PEDS1,Plasmanylethanolamine desaturase 1,protein
A5PLN9,TRAPPC13,Trafficking protein particle complex subunit 13,protein
A5X5Y0,HTR3E,5-hydroxytryptamine receptor 3E,protein
A5YKK6,CNOT1,CCR4-NOT transcription complex subunit 1,protein
A5YM72,CARNS1,Carnosine synthase 1,protein
A6BM72,MEGF11,Multiple epidermal growth factor-like domains protein 11,protein
A6H8Y1,BDP1,Transcription factor TFIIIB component B'' homolog,protein
A6H8Z2,FAM221B,Protein FAM221B,protein
A6NC51,TMEM150B,Modulator of macroautophagy TMEM150B,protein
A6NC98,CCDC88B,Coiled-coil domain-containing protein 88B,protein
A6NCC3,GOLGA8O,Golgin subfamily A member 8O,protein
A6NCI4,VWA3A,von Willebrand factor A domain-containing protein 3A,protein
A6NCL1,GMNC,Geminin coiled-coil domain-containing protein 1,protein
A6NCN2,KRT87P,Putative keratin-87 protein,protein
A6NCS4,NKX2-6,Homeobox protein Nkx-2.6,protein
A6ND01,IZUMO1R,Sperm-egg fusion protein Juno,protein
A6ND36,SACK1G,Scaffolding CK1 anchoring protein G,protein
A6ND48,OR14I1,Olfactory receptor 14I1,protein
A6NDB9,PALM3,Paralemmin-3,protein
A6NDE4,RBMY1B,"RNA-binding motif protein, Y chromosome, family 1 member B",protein
A6NDG6,PGP,Phosphoglycolate phosphatase,protein
A6NDP7,MYADML2,Myeloid-associated differentiation marker-like protein 2,protein
A6NDU8,RIMOC1,RAB7A-interacting MON1-CCZ1 complex subunit 1,protein
A6NDV4,TMEM8B,Transmembrane protein 8B,protein
A6NE82,MBD3L3,Methyl-CpG-binding domain protein 3-like 3,protein
A6NEC2,NPEPPSL1,Puromycin-sensitive aminopeptidase-like protein,protein
A6NED2,RCCD1,RCC1 domain-containing protein 1,protein
A6NEL2,SOWAHB,Ankyrin repeat domain-containing protein SOWAHB,protein
A6NEM1,GOLGA6L9,Golgin subfamily A member 6-like protein 9,protein
A6NEQ0,RBMY1E,"RNA-binding motif protein, Y chromosome, family 1 member E",protein
A6NER0,TBC1D3F,TBC1 domain family member 3F,protein
A6NER3,GAGE12J,G antigen 12J,protein
A6NF83,NUPR2,Nuclear protein 2,protein
A6NF89,OR6C6,Olfactory receptor 6C6,protein
A6NFA1,TRABD2B,Metalloprotease TIKI2,protein
A6NFH5,FABP12,Fatty acid-binding protein 12,protein
A6NFK2,GRXCR2,Glutaredoxin domain-containing cysteine-rich protein 2,protein
A6NFN3,RBFOX3,RNA binding protein fox-1 homolog 3,protein
A6NFQ2,TCAF2,TRPM8 channel-associated factor 2,protein
A6NFQ7,DPRX,Divergent paired-related homeobox,protein
A6NFX1,MFSD2B,Sphingosine-1-phosphate transporter MFSD2B,protein
A6NFY7,SDHAF1,"Succinate dehydrogenase assembly factor 1, mitochondrial",protein
A6NGB9,WIPF3,WAS/WASL-interacting protein family member 3,protein
A6NGC4,TLCD2,TLC domain-containing protein 2,protein
A6NGG8,PCARE,Photoreceptor cilium actin regulator,protein
A6NGH8,ANKRD61,Ankyrin repeat domain-containing protein 61,protein
A6NGK3,GAGE10,G antigen 10,protein
A6NGQ2,OOEP,Oocyte-expressed protein homolog,protein
A6NGS2,ERICH4,Glutamate-rich protein 4,protein
A6NGU5,GGT3P,Putative glutathione hydrolase 3 proenzyme,protein
A6NH52,TVP23A,Golgi apparatus membrane protein TVP23 homolog A,protein
A6NHG4,DDTL,Putative D-dopachrome decarboxylase-like protein,protein
A6NHJ4,ZNF860,Zinc finger protein 860,protein
A6NHN0,OTOL1,Otolin-1,protein
A6NHQ2,FBLL1,RNA 2'-O-methyltransferase FBLL1,protein
A6NHQ4,EPOP,Elongin BC and Polycomb repressive complex 2-associated protein,protein
A6NHR9,SMCHD1,Structural maintenance of chromosomes flexible hinge domain-containing protein 1,protein
A6NHX0,CASTOR2,Cytosolic arginine sensor for mTORC1 subunit 2,protein
A6NI15,MSGN1,Mesogenin-1,protein
A6NI28,ARHGAP42,Rho GTPase-activating protein 42,protein
A6NI61,MYMK,Protein myomaker,protein
A6NI73,LILRA5,Leukocyte immunoglobulin-like receptor subfamily A member 5,protein
A6NI79,CCDC69,Coiled-coil domain-containing protein 69,protein
A6NIH7,UNC119B,Protein unc-119 homolog B,protein
A6NIM6,SLC15A5,Solute carrier family 15 member 5,protein
A6NIX2,WTIP,Wilms tumor protein 1-interacting protein,protein
A6NJ46,NKX6-3,Homeobox protein Nkx-6.3,protein
A6NJ78,METTL15,12S rRNA N(4)-cytidine methyltransferase METTL15,protein
A6NJB7,PRR19,Proline-rich protein 19,protein
A6NJG6,ARGFX,Arginine-fifty homeobox,protein
A6NJL1,ZSCAN5B,Zinc finger and SCAN domain-containing protein 5B,protein
A6NJT0,UNCX,Homeobox protein unc-4 homolog,protein
A6NJV1,CIMIP2C,Ciliary microtubule inner protein 2C,protein
A6NJY4,TMEM238L,Transmembrane protein 238-like,protein
A6NK02,TRIM75,Tripartite motif-containing protein 75,protein
A6NK06,ACOD1,Cis-aconitate decarboxylase,protein
A6NK58,LIPT2,"Octanoyl-[acyl-carrier-protein]:protein N-octanoyltransferase LIPT2, mitochondrial",protein
A6NK59,ASB14,Ankyrin repeat and SOCS box protein 14,protein
A6NK89,RASSF10,Ras association domain-containing protein 10,protein
A6NKD2,TSPY2,Testis-specific Y-encoded protein 2,protein
A6NKD9,CCDC85C,Coiled-coil domain-containing protein 85C,protein
A6NKF1,SAC3D1,SAC3 domain-containing protein 1,protein
A6NKF2,ARID3C,AT-rich interactive domain-containing protein 3C,protein
A6NKK0,OR5H1,Olfactory receptor 5H1,protein
A6NKQ9,CGB1,Choriogonadotropin subunit beta variant 1,protein
A6NL82,CFAP144,Cilia- and flagella-associated protein 144,protein
A6NLJ0,C2CD4B,C2 calcium-dependent domain-containing protein 4B,protein
A6NLP5,TTC36,Tetratricopeptide repeat protein 36,protein
A6NLU0,RFPL4A,Ret finger protein-like 4A,protein
A6NLW8,DUXA,Double homeobox protein A,protein
A6NLX3,SPDYE4,Speedy protein E4,protein
A6NLX4,TMEM210,Transmembrane protein 210,protein
A6NMB1,SIGLEC16,Sialic acid-binding Ig-like lectin 16,protein
A6NMB9,FIGNL2,Fidgetin-like protein 2,protein
A6NMN3,FAM170B,Protein FAM170B,protein
A6NMT0,DBX1,Homeobox protein DBX1,protein
A6NMX2,EIF4E1B,Eukaryotic translation initiation factor 4E type 1B,protein
A6NMY6,ANXA2P2,Putative annexin A2-like protein,protein
A6NMZ7,COL6A6,Collagen alpha-6(VI) chain,protein
A6NNA2,SRRM3,Serine/arginine repetitive matrix protein 3,protein
A6NNA5,DRGX,Dorsal root ganglia homeobox protein,protein
A6NNB3,IFITM5,Interferon-induced transmembrane protein 5,protein
A6NND4,OR2AT4,Olfactory receptor 2AT4,protein
A6NNL5,C15orf61,Uncharacterized protein C15orf61,protein
A6NNM8,TTLL13,Tubulin polyglutamylase TTLL13,protein
A6NNY8,USP27X,Ubiquitin carboxyl-terminal hydrolase 27,protein
A6NNZ2,TUBB8B,Tubulin beta 8B,protein
A6PVC2,TTLL8,Protein monoglycylase TTLL8,protein
A6PVI3,NCBP2L,Nuclear cap-binding protein subunit 2-like,protein
A6PVS8,LRRIQ3,Leucine-rich repeat and IQ domain-containing protein 3,protein
A6QL63,ABTB3,Ankyrin repeat- and BTB/POZ domain-containing protein 3,protein
A6XGL0,YJEFN3,YjeF N-terminal domain-containing protein 3,protein
A7E2U8,CFAP96,Cilia-and flagella-associated protein 96,protein
A7E2V4,ZSWIM8,Zinc finger SWIM domain-containing protein 8,protein
A7E2Y1,MYH7B,Myosin-7B,protein
A7KAX9,ARHGAP32,Rho GTPase-activating protein 32,protein
A7MBM2,DISP2,Protein dispatched homolog 2,protein
A7MCY6,TBKBP1,TANK-binding kinase 1-binding protein 1,protein
A7MD48,SRRM4,Serine/arginine repetitive matrix protein 4,protein
A7XYQ1,SOBP,Sine oculis-binding protein homolog,protein
A8CG34,POM121C,Nuclear envelope pore membrane protein POM 121C,protein
A8K010,LINC00473,Putative transcriptional regulator encoded by LINC00473,protein
A8K0Z3,WASHC1,WASH complex subunit 1,protein
A8K2U0,A2ML1,Alpha-2-macroglobulin-like protein 1,protein
A8K4G0,CD300LB,CMRF35-like molecule 7,protein
A8K5M9,C15orf62,"Uncharacterized protein C15orf62, mitochondrial",protein
A8K7I4,CLCA1,Calcium-activated chloride channel regulator 1,protein
A8K830,POU2AF3,POU class 2 homeobox associating factor 3,protein
A8K855,EFCAB7,EF-hand calcium-binding domain-containing protein 7,protein
A8K8P3,SFI1,Protein SFI1 homolog,protein
A8K8V0,ZNF785,Zinc finger protein 785,protein
A8MPP1,DDX11L8,Putative ATP-dependent DNA helicase DDX11-like protein 8,protein
A8MPY1,GABRR3,Gamma-aminobutyric acid receptor subunit rho-3,protein
A8MQ03,CYSRT1,Cysteine-rich tail protein 1,protein
A8MQ27,NEURL1B,E3 ubiquitin-protein ligase NEURL1B,protein
A8MSI8,LYRM9,LYR motif-containing protein 9,protein
A8MT69,CENPX,Centromere protein X,protein
A8MTA8,CIMIP2B,Ciliary microtubule inner protein 2B,protein
A8MTJ3,GNAT3,Guanine nucleotide-binding protein G(t) subunit alpha-3,protein
A8MTJ6,FOXI3,Forkhead box protein I3,protein
A8MTL9,HMSD,Serpin-like protein HMSD,protein
A8MTQ0,NOTO,Homeobox protein notochord,protein
A8MTT3,CEBPZOS,Protein CEBPZOS,protein
A8MTY7,KRTAP9-7,Keratin-associated protein 9-7,protein
A8MTZ0,BBIP1,BBSome-interacting protein 1,protein
A8MU46,SMTNL1,Smoothelin-like protein 1,protein
A8MUM7,LGALS16,Galectin-16,protein
A8MUP2,CSKMT,"Citrate synthase-lysine N-methyltransferase CSKMT, mitochondrial",protein
A8MUX0,KRTAP16-1,Keratin-associated protein 16-1,protein
A8MV81,HIGD1C,HIG1 domain family member 1C,protein
A8MVA2,KRTAP9-6,Keratin-associated protein 9-6,protein
A8MVS5,HIDE1,Protein HIDE1,protein
A8MVW5,HEPACAM2,HEPACAM family member 2,protein
A8MW92,PHF20L1,PHD finger protein 20-like protein 1,protein
A8MW95,BECN2,Beclin-2,protein
A8MW99,MEI4,Meiosis-specific protein MEI4,protein
A8MWY0,ELAPOR2,Endosome/lysosome-associated apoptosis and autophagy regulator family member 2,protein
A8MX34,KRTAP29-1,Keratin-associated protein 29-1,protein
A8MXD5,GRXCR1,Glutaredoxin domain-containing cysteine-rich protein 1,protein
A8MXV4,NUDT19,Acyl-coenzyme A diphosphatase NUDT19,protein
A8MXZ3,KRTAP9-1,Keratin-associated protein 9-1,protein
A8MYP8,CIMAP1B,Ciliary microtubule associated protein 1B,protein
A8MYU2,KCNU1,Potassium channel subfamily U member 1,protein
A8MYV0,DCDC2C,Doublecortin domain-containing protein 2C,protein
A8MYZ6,FOXO6,Forkhead box protein O6,protein
A8MZ59,LEUTX,Paired-like homeodomain transcription factor LEUTX,protein
A8MZ97,C2orf74,Uncharacterized protein C2orf74,protein
A8TX70,COL6A5,Collagen alpha-5(VI) chain,protein
A9QM74,KPNA7,Importin subunit alpha-8,protein
A9UHW6,MIF4GD,MIF4G domain-containing protein,protein
A9YTQ3,AHRR,Aryl hydrocarbon receptor repressor,protein
B0I1T2,MYO1G,Unconventional myosin-Ig,protein
B0L3A2,FBXW7-AS1,Dual endothelin-1/VEGF signal peptide receptor,protein
B0YJ81,HACD1,Very-long-chain (3R)-3-hydroxyacyl-CoA dehydratase 1,protein
B1AJZ9,FHAD1,Forkhead-associated domain-containing protein 1,protein
B1AK53,ESPN,Espin,protein
B1AL88,NALF1,NALCN channel auxiliary factor 1,protein
B1ATL7,PRR32,Proline-rich protein 32,protein
B2CW77,KLLN,Killin,protein
B2RBV5,MRFAP1L2,MORF4 family associated protein 1 like 2,protein
B2RC85,RSPH10B2,Radial spoke head 10 homolog B2,protein
B2RNN3,C1QTNF9B,Complement C1q and tumor necrosis factor-related protein 9B,protein
B2RTY4,MYO9A,Unconventional myosin-IXa,protein
B2RUY7,VWC2L,von Willebrand factor C domain-containing protein 2-like,protein
B2RUZ4,SMIM1,Small integral membrane protein 1,protein
B2RV13,CFAP97D1,Sperm axonemal maintenance protein CFAP97D1,protein
B2RXF5,ZBTB42,Zinc finger and BTB domain-containing protein 42,protein
B2RXH2,KDM4E,Lysine-specific demethylase 4E,protein
B2RXH4,BTBD18,BTB/POZ domain-containing protein 18,protein
B2RXH8,HNRNPCL2,Heterogeneous nuclear ribonucleoprotein C-like 2,protein
B3EWF7,EPM2A,"Laforin, isoform 9",protein
B3EWG3,FAM25A,Protein FAM25A,protein
B3KU38,IQCJ-SCHIP1,IQCJ-SCHIP1 readthrough transcript protein,protein
B3SHH9,TMEM114,Transmembrane protein 114,protein
B4DJY2,TMEM233,Transmembrane protein 233,protein
B5MD39,GGTLC3,Glutathione hydrolase light chain 3,protein
B5ME19,EIF3CL,Eukaryotic translation initiation factor 3 subunit C-like protein,protein
B6A8C7,TARM1,"T-cell-interacting, activating receptor on myeloid cells protein 1",protein
B7U540,KCNJ18,Inward rectifier potassium channel 18,protein
B7ZAQ6,GPHRA,Golgi pH regulator A,protein
B7ZBB8,PPP1R3G,Protein phosphatase 1 regulatory subunit 3G,protein
B9A064,IGLL5,Immunoglobulin lambda-like polypeptide 5,protein
B9EJG8,TMEM150C,Transmembrane protein 150C,protein
C0HLV8,MLDHR,PTEN upstream open reading frame MP31,protein
C0HLZ6,HOXB-AS3,HOXB-AS3 peptide,protein
C0HM01,SEPTIN14P20,Putative RNA-binding regulatory peptide,protein
C0HM83,C0HM83,Protein SHMOOSE,protein
C0HM98,CTBP1-DT,DNA damage up-regulated protein,protein
C0HMA1,MIR155HG,HSPA8-interacting micropeptide miPEP155,protein
C0HME6,RPL36,RPL36 alternative reading frame protein,protein
C4AMC7,WASH3P,Putative WAS protein family homolog 3,protein
C9J7I0,UMAD1,UBAP1-MVB12-associated (UMA)-domain containing protein 1,protein
C9JCN9,HSBP1L1,Heat shock factor-binding protein 1-like protein 1,protein
C9JDP6,CLDN25,Claudin-25,protein
C9JE40,PATL2,Protein PAT1 homolog 2,protein
C9JLR9,ZFTA,Zinc finger translocation-associated protein,protein
C9JLW8,MCRIP1,Mapk-regulated corepressor-interacting protein 1,protein
C9JR72,KBTBD13,Kelch repeat and BTB domain-containing protein 13,protein
C9JRZ8,AKR1B15,Aldo-keto reductase family 1 member B15,protein
D3DTV9,PRAC2,Protein PRAC2,protein
D3W0D1,KLRF2,Killer cell lectin-like receptor subfamily F member 2,protein
D6RGH6,MCIDAS,Multicilin,protein
E0CX11,STMP1,Short transmembrane mitochondrial protein 1,protein
E7EW31,PROB1,Proline-rich basic protein 1,protein
E9PI22,PRR23D1,Proline-rich protein 23D1,protein
E9PJI5,NPIPA7,Nuclear pore complex-interacting protein family member A7,protein
E9PQ53,NDUFC2-KCTD14,"NADH dehydrogenase [ubiquinone] 1 subunit C2, isoform 2",protein
E9PQX1,CATSPERH,Cation channel sperm-associated auxiliary subunit eta,protein
E9PRG8,RSMC,28S rRNA/ribosome and sororin micro-cofactor,protein
G2XKQ0,SUMO1P1,Small ubiquitin-related modifier 5,protein
G9CGD6,CNK3/IPCEF1,CNK3/IPCEF1 fusion protein,protein
H0YL14,TMEM250,Transmembrane protein 250,protein
H3BR10,SMLR1,Small leucine-rich protein 1,protein
H3BRN8,PIERCE2,Piercer of microtubule wall 2 protein,protein
H3BS89,TMEM178B,Transmembrane protein 178B,protein
H3BU77,CCDC179,Coiled-coil domain-containing protein 179,protein
H3BV60,TGFBR3L,Transforming growth factor-beta receptor type 3-like protein,protein
I0J062,PANO1,Proapoptotic nucleolar protein 1,protein
I3L1E1,C19orf84,piRNA-mediated silencing protein C19orf84,protein
K7EJ46,SMIM22,Small integral membrane protein 22,protein
K9M1U5,IFNL4,Interferon lambda-4,protein
L0R819,ASDURF,ASNSD1 upstream open reading frame protein,protein
M0R2J8,DCDC1,Doublecortin domain-containing protein 1,protein
M5A8F1,ERVH48-1,Suppressyn,protein
O00115,DNASE2,Deoxyribonuclease-2-alpha,protein
O00116,AGPS,"Alkyldihydroxyacetonephosphate synthase, peroxisomal",protein
O00124,UBXN8,UBX domain-containing protein 8,protein
O00139,KIF2A,Kinesin-like protein KIF2A,protein
O00141,SGK1,Serine/threonine-protein kinase Sgk1,protein
O00142,TK2,"Thymidine kinase 2, mitochondrial",protein
O00144,FZD9,Frizzled-9,protein
O00148,DDX39A,ATP-dependent RNA helicase DDX39A,protein
O00151,PDLIM1,PDZ and LIM domain protein 1,protein
O00154,ACOT7,Cytosolic acyl coenzyme A thioester hydrolase,protein
O00155,GPR25,C-X-C chemokine receptor GPR25,protein
O00159,MYO1C,Unconventional myosin-Ic,protein
O00160,MYO1F,Unconventional myosin-If,protein
O00161,SNAP23,Synaptosomal-associated protein 23,protein
O00165,HAX1,HCLS1-associated protein X-1,protein
O00167,EYA2,Protein phosphatase EYA2,protein
O00168,FXYD1,Phospholemman,protein
O00170,AIP,AH receptor-interacting protein,protein
O00175,CCL24,C-C motif chemokine 24,protein
O00178,GTPBP1,GTP-binding protein 1,protein
O00180,KCNK1,Potassium channel subfamily K member 1,protein
O00182,LGALS9,Galectin-9,protein
O00186,STXBP3,Syntaxin-binding protein 3,protein
O00187,MASP2,Mannan-binding lectin serine protease 2,protein
O00189,AP4M1,AP-4 complex subunit mu-1,protein
O00192,ARVCF,Splicing regulator ARVCF,protein
O00194,RAB27B,Ras-related protein Rab-27B,protein
O00198,HRK,Activator of apoptosis harakiri,protein
O00203,AP3B1,AP-3 complex subunit beta-1,protein
O00204,SULT2B1,Sulfotransferase 2B1,protein
O00206,TLR4,Toll-like receptor 4,protein
O00212,RHOD,Rho-related GTP-binding protein RhoD,protein
O00213,APBB1,Amyloid beta precursor protein binding family B member 1,protein
O00214,LGALS8,Galectin-8,protein
O00217,NDUFS8,"NADH dehydrogenase [ubiquinone] iron-sulfur protein 8, mitochondrial",protein
O00219,HAS3,Hyaluronan synthase 3,protein
O00220,TNFRSF10A,Tumor necrosis factor receptor superfamily member 10A,protein
O00221,NFKBIE,NF-kappa-B inhibitor epsilon,protein
O00222,GRM8,Metabotropic glutamate receptor 8,protein
O00230,CORT,Cortistatin,protein
O00231,PSMD11,26S proteasome non-ATPase regulatory subunit 11,protein
O00232,PSMD12,26S proteasome non-ATPase regulatory subunit 12,protein
O00233,PSMD9,26S proteasome non-ATPase regulatory subunit 9,protein
O00237,RNF103,E3 ubiquitin-protein ligase RNF103,protein
O00238,BMPR1B,Bone morphogenetic protein receptor type-1B,protein
O00241,SIRPB1,Signal-regulatory protein beta-1,protein
O00244,ATOX1,Copper transport protein ATOX1,protein
O00253,AGRP,Agouti-related protein,protein
O00254,F2RL2,Proteinase-activated receptor 3,protein
O00255,MEN1,Menin,protein
O00257,CBX4,E3 SUMO-protein ligase CBX4,protein
O00258,GET1,Guided entry of tail-anchored proteins factor 1,protein
O00264,PGRMC1,Membrane-associated progesterone receptor component 1,protein
O00267,SUPT5H,Transcription elongation factor SPT5,protein
O00268,TAF4,Transcription initiation factor TFIID subunit 4,protein
O00270,GPR31,"12-(S)-hydroxy-5,8,10,14-eicosatetraenoic acid receptor",protein
O00273,DFFA,DNA fragmentation factor subunit alpha,protein
O00287,RFXAP,Regulatory factor X-associated protein,protein
O00291,HIP1,Huntingtin-interacting protein 1,protein
O00292,LEFTY2,Left-right determination factor 2,protein
O00294,TULP1,Tubby-related protein 1,protein
O00295,TULP2,Tubby-related protein 2,protein
O00299,CLIC1,Chloride intracellular channel protein 1,protein
O00300,TNFRSF11B,Tumor necrosis factor receptor superfamily member 11B,protein
O00303,EIF3F,Eukaryotic translation initiation factor 3 subunit F,protein
O00305,CACNB4,Voltage-dependent L-type calcium channel subunit beta-4,protein
O00308,WWP2,NEDD4-like E3 ubiquitin-protein ligase WWP2,protein
O00311,CDC7,Cell division cycle 7-related protein kinase,protein
O00321,ETV2,ETS translocation variant 2,protein
O00322,UPK1A,Uroplakin-1a,protein
O00327,BMAL1,Basic helix-loop-helix ARNT-like protein 1,protein
O00329,PIK3CD,"Phosphatidylinositol 4,5-bisphosphate 3-kinase catalytic subunit delta isoform",protein
O00330,PDHX,"Pyruvate dehydrogenase protein X component, mitochondrial",protein
O00337,SLC28A1,Sodium/nucleoside cotransporter 1,protein
O00338,SULT1C2,Sulfotransferase 1C2,protein
O00339,MATN2,Matrilin-2,protein
O00341,SLC1A7,Excitatory amino acid transporter 5,protein
O00358,FOXE1,Forkhead box protein E1,protein
O00370,O00370,LINE-1 retrotransposable element ORF2 protein,protein
O00391,QSOX1,Sulfhydryl oxidase 1,protein
O00398,P2RY10,Putative P2Y purinoceptor 10,protein
O00399,DCTN6,Dynactin subunit 6,protein
O00400,SLC33A1,Acetyl-coenzyme A transporter 1,protein
O00401,WASL,Actin nucleation-promoting factor WASL,protein
O00408,PDE2A,"cGMP-dependent 3',5'-cyclic phosphodiesterase",protein
O00409,FOXN3,Forkhead box protein N3,protein
O00410,IPO5,Importin-5,protein
O00411,POLRMT,"DNA-directed RNA polymerase, mitochondrial",protein
O00418,EEF2K,Eukaryotic elongation factor 2 kinase,protein
O00421,CCRL2,C-C chemokine receptor-like 2,protein
O00422,SAP18,Histone deacetylase complex subunit SAP18,protein
O00423,EML1,Echinoderm microtubule-associated protein-like 1,protein
O00425,IGF2BP3,Insulin-like growth factor 2 mRNA-binding protein 3,protein
O00429,DNM1L,Dynamin-1-like protein,protein
O00442,RTCA,RNA 3'-terminal phosphate cyclase,protein
O00443,PIK3C2A,Phosphatidylinositol 4-phosphate 3-kinase C2 domain-containing subunit alpha,protein
O00444,PLK4,Serine/threonine-protein kinase PLK4,protein
O00445,SYT5,Synaptotagmin-5,protein
O00451,GFRA2,GDNF family receptor alpha-2,protein
O00453,LST1,Leukocyte-specific transcript 1 protein,protein
O00458,IFRD1,Interferon-related developmental regulator 1,protein
O00459,PIK3R2,Phosphatidylinositol 3-kinase regulatory subunit beta,protein
O00461,GOLIM4,Golgi integral membrane protein 4,protein
O00462,MANBA,Beta-mannosidase,protein
O00463,TRAF5,TNF receptor-associated factor 5,protein
O00468,AGRN,Agrin,protein
O00469,PLOD2,"Procollagen-lysine,2-oxoglutarate 5-dioxygenase 2",protein
O00470,MEIS1,Homeobox protein Meis1,protein
O00471,EXOC5,Exocyst complex component 5,protein
O00472,ELL2,RNA polymerase II elongation factor ELL2,protein
O00476,SLC17A3,Sodium-dependent phosphate transport protein 4,protein
O00478,BTN3A3,Butyrophilin subfamily 3 member A3,protein
O00479,HMGN4,High mobility group nucleosome-binding domain-containing protein 4,protein
O00481,BTN3A1,Butyrophilin subfamily 3 member A1,protein
O00482,NR5A2,Nuclear receptor subfamily 5 group A member 2,protein
O00483,COXFA4,Cytochrome c oxidase subunit FA4,protein
O00487,PSMD14,Ubiquitin C-terminal hydrolase PSMD14,protein
O00488,ZNF593,Zinc finger protein 593,protein
O00499,BIN1,Myc box-dependent-interacting protein 1,protein
O00501,CLDN5,Claudin-5,protein
O00505,KPNA3,Importin subunit alpha-4,protein
O00506,STK25,Serine/threonine-protein kinase 25,protein
O00507,USP9Y,Ubiquitin carboxyl-terminal hydrolase 9Y,protein
O00512,BCL9,B-cell CLL/lymphoma 9 protein,protein
O00515,LAD1,Ladinin-1,protein
O00519,FAAH,Fatty-acid amide hydrolase 1,protein
O00522,KRIT1,Krev interaction trapped protein 1,protein
O00526,UPK2,Uroplakin-2,protein
O00533,CHL1,Neural cell adhesion molecule L1-like protein,protein
O00534,VWA5A,von Willebrand factor A domain-containing protein 5A,protein
O00541,PES1,Pescadillo homolog,protein
O00548,DLL1,Delta-like protein 1,protein
O00555,CACNA1A,Voltage-dependent P/Q-type calcium channel subunit alpha-1A,protein
O00559,EBAG9,Receptor-binding cancer antigen expressed on SiSo cells,protein
O00560,SDCBP,Syntenin-1,protein
O00562,PITPNM1,Membrane-associated phosphatidylinositol transfer protein 1,protein
O00566,MPHOSPH10,U3 small nucleolar ribonucleoprotein protein MPP10,protein
O00567,NOP56,Nucleolar protein 56,protein
O00570,SOX1,Transcription factor SOX-1,protein
O00571,DDX3X,ATP-dependent RNA helicase DDX3X,protein
O00574,CXCR6,C-X-C chemokine receptor type 6,protein
O00584,RNASET2,Ribonuclease T2,protein
O00585,CCL21,C-C motif chemokine 21,protein
O00587,MFNG,"Beta-1,3-N-acetylglucosaminyltransferase manic fringe",protein
O00590,ACKR2,Atypical chemokine receptor 2,protein
O00591,GABRP,Gamma-aminobutyric acid receptor subunit pi,protein
O00592,PODXL,Podocalyxin,protein
O00602,FCN1,Ficolin-1,protein
O00622,CCN1,CCN family member 1,protein
O00623,PEX12,Peroxisome assembly protein 12,protein
O00624,SLC17A2,Sodium-dependent phosphate transport protein 3,protein
O00625,PIR,Pirin,protein
O00626,CCL22,C-C motif chemokine 22,protein
O00628,PEX7,Peroxisomal targeting signal 2 receptor,protein
O00629,KPNA4,Importin subunit alpha-3,protein
O00631,SLN,Sarcolipin,protein
O00634,NTN3,Netrin-3,protein
O00635,TRIM38,E3 ubiquitin-protein ligase TRIM38,protein
O00712,NFIB,Nuclear factor 1 B-type,protein
O00716,E2F3,Transcription factor E2F3,protein
O00743,PPP6C,Serine/threonine-protein phosphatase 6 catalytic subunit,protein
O00744,WNT10B,Protein Wnt-10b,protein
O00746,NME4,"Nucleoside diphosphate kinase D, mitochondrial",protein
O00748,CES2,Cocaine esterase,protein
O00750,PIK3C2B,Phosphatidylinositol 4-phosphate 3-kinase C2 domain-containing subunit beta,protein
O00754,MAN2B1,Lysosomal alpha-mannosidase,protein
O00755,WNT7A,Protein Wnt-7a,protein
O00757,FBP2,"Fructose-1,6-bisphosphatase isozyme 2",protein
O00762,UBE2C,Ubiquitin-conjugating enzyme E2 C,protein
O00763,ACACB,Acetyl-CoA carboxylase 2,protein
O00764,PDXK,Pyridoxal kinase,protein
O00767,SCD,Stearoyl-CoA desaturase,protein
O14490,DLGAP1,Disks large-associated protein 1,protein
O14492,SH2B2,SH2B adapter protein 2,protein
O14493,CLDN4,Claudin-4,protein
O14494,PLPP1,Phospholipid phosphatase 1,protein
O14495,PLPP3,Phospholipid phosphatase 3,protein
O14497,ARID1A,AT-rich interactive domain-containing protein 1A,protein
O14498,ISLR,Immunoglobulin superfamily containing leucine-rich repeat protein,protein
O14503,BHLHE40,Class E basic helix-loop-helix protein 40,protein
O14508,SOCS2,Suppressor of cytokine signaling 2,protein
O14511,NRG2,"Pro-neuregulin-2, membrane-bound isoform",protein
O14512,SOCS7,Suppressor of cytokine signaling 7,protein
O14513,NCKAP5,Nck-associated protein 5,protein
O14514,ADGRB1,Adhesion G protein-coupled receptor B1,protein
O14519,CDK2AP1,Cyclin-dependent kinase 2-associated protein 1,protein
O14520,AQP7,Aquaporin-7,protein
O14521,SDHD,"Succinate dehydrogenase [ubiquinone] cytochrome b small subunit, mitochondrial",protein
O14522,PTPRT,Receptor-type tyrosine-protein phosphatase T,protein
O14523,C2CD2L,Phospholipid transfer protein C2CD2L,protein
O14524,NEMP1,Nuclear envelope integral membrane protein 1,protein
O14526,FCHO1,F-BAR domain only protein 1,protein
O14529,CUX2,Homeobox protein cut-like 2,protein
O14530,TXNDC9,Thioredoxin domain-containing protein 9,protein
O14531,DPYSL4,Dihydropyrimidinase-related protein 4,protein
O14543,SOCS3,Suppressor of cytokine signaling 3,protein
O14544,SOCS6,Suppressor of cytokine signaling 6,protein
O14545,TRAFD1,TRAF-type zinc finger domain-containing protein 1,protein
O14548,COX7A2L,"Cytochrome c oxidase subunit 7A2-like, mitochondrial",protein
O14556,GAPDHS,"Glyceraldehyde-3-phosphate dehydrogenase, testis-specific",protein
O14558,HSPB6,Heat shock protein beta-6,protein
O14559,ARHGAP33,Rho GTPase-activating protein 33,protein
O14561,NDUFAB1,"Acyl carrier protein, mitochondrial",protein
O14562,UBFD1,Ubiquitin domain-containing protein UBFD1,protein
O14569,CYB561D2,Transmembrane reductase CYB561D2,protein
O14576,DYNC1I1,Cytoplasmic dynein 1 intermediate chain 1,protein
O14578,CIT,Citron Rho-interacting kinase,protein
O14579,COPE,Coatomer subunit epsilon,protein
O14581,OR7A17,Olfactory receptor 7A17,protein
O14593,RFXANK,DNA-binding protein RFXANK,protein
O14594,NCAN,Neurocan core protein,protein
O14595,CTDSP2,Carboxy-terminal domain RNA polymerase II polypeptide A small phosphatase 2,protein
O14598,VCY,Testis-specific basic protein Y 1,protein
O14599,BPY2,Testis-specific basic protein Y 2,protein
O14602,EIF1AY,"Eukaryotic translation initiation factor 1A, Y-chromosomal",protein
O14604,TMSB4Y,"Thymosin beta-4, Y-chromosomal",protein
O14607,UTY,Histone demethylase UTY,protein
O14609,XKRY,"Testis-specific XK-related protein, Y-linked",protein
O14610,GNGT2,Guanine nucleotide-binding protein G(I)/G(S)/G(O) subunit gamma-T2,protein
O14613,CDC42EP2,Cdc42 effector protein 2,protein
O14617,AP3D1,AP-3 complex subunit delta-1,protein
O14618,CCS,Copper chaperone for superoxide dismutase,protein
O14625,CXCL11,C-X-C motif chemokine 11,protein
O14626,GPR171,G protein-coupled receptor 171,protein
O14627,CDX4,Homeobox protein CDX-4,protein
O14633,LCE2B,Late cornified envelope protein 2B,protein
O14638,ENPP3,Ectonucleotide pyrophosphatase/phosphodiesterase family member 3,protein
O14639,ABLIM1,Actin-binding LIM protein 1,protein
O14640,DVL1,Segment polarity protein dishevelled homolog DVL-1,protein
O14641,DVL2,Segment polarity protein dishevelled homolog DVL-2,protein
O14645,DNALI1,Axonemal dynein light intermediate polypeptide 1,protein
O14646,CHD1,ATP-dependent chromatin remodeler CHD1,protein
O14647,CHD2,ATP-dependent chromatin remodeler CHD2,protein
O14649,KCNK3,Potassium channel subfamily K member 3,protein
O14653,GOSR2,Golgi SNAP receptor complex member 2,protein
O14654,IRS4,Insulin receptor substrate 4,protein
O14656,TOR1A,Torsin-1A,protein
O14657,TOR1B,Torsin-1B,protein
O14662,STX16,Syntaxin-16,protein
O14668,PRRG1,Transmembrane gamma-carboxyglutamic acid protein 1,protein
O14669,PRRG2,Transmembrane gamma-carboxyglutamic acid protein 2,protein
O14672,ADAM10,Disintegrin and metalloproteinase domain-containing protein 10,protein
O14678,ABCD4,Lysosomal cobalamin transporter ABCD4,protein
O14681,EI24,Etoposide-induced protein 2.4 homolog,protein
O14682,ENC1,Ectoderm-neural cortex protein 1,protein
O14683,TP53I11,Tumor protein p53-inducible protein 11,protein
O14684,PTGES,Prostaglandin E synthase,protein
O14686,KMT2D,Histone-lysine N-methyltransferase 2D,protein
O14713,ITGB1BP1,Integrin beta-1-binding protein 1,protein
O14717,TRDMT1,tRNA (cytosine(38)-C(5))-methyltransferase,protein
O14718,RRH,Visual pigment-like receptor peropsin,protein
O14727,APAF1,Apoptotic protease-activating factor 1,protein
O14730,RIOK3,Serine/threonine-protein kinase RIO3,protein
O14732,IMPA2,Inositol monophosphatase 2,protein
O14733,MAP2K7,Dual specificity mitogen-activated protein kinase kinase 7,protein
O14734,ACOT8,Acyl-coenzyme A thioesterase 8,protein
O14735,CDIPT,CDP-diacylglycerol--inositol 3-phosphatidyltransferase,protein
O14737,PDCD5,Programmed cell death protein 5,protein
O14744,PRMT5,Protein arginine N-methyltransferase 5,protein
O14745,NHERF1,Na(+)/H(+) exchange regulatory cofactor NHE-RF1,protein
O14746,TERT,Telomerase reverse transcriptase,protein
O14753,OVOL1,Putative transcription factor Ovo-like 1,protein
O14756,HSD17B6,17-beta-hydroxysteroid dehydrogenase type 6,protein
O14757,CHEK1,Serine/threonine-protein kinase Chk1,protein
O14763,TNFRSF10B,Tumor necrosis factor receptor superfamily member 10B,protein
O14764,GABRD,Gamma-aminobutyric acid receptor subunit delta,protein
O14770,MEIS2,Homeobox protein Meis2,protein
O14771,ZNF213,Zinc finger protein 213,protein
O14772,FPGT,Fucose-1-phosphate guanylyltransferase,protein
O14773,TPP1,Tripeptidyl-peptidase 1,protein
O14775,GNB5,Guanine nucleotide-binding protein subunit beta-5,protein
O14776,TCERG1,Transcription elongation regulator 1,protein
O14777,NDC80,Kinetochore protein NDC80 homolog,protein
O14782,KIF3C,Kinesin-like protein KIF3C,protein
O14786,NRP1,Neuropilin-1,protein
O14787,TNPO2,Transportin-2,protein
O14788,TNFSF11,Tumor necrosis factor ligand superfamily member 11,protein
O14791,APOL1,Apolipoprotein L1,protein
O14792,HS3ST1,Heparan sulfate glucosamine 3-O-sulfotransferase 1,protein
O14793,MSTN,Growth/differentiation factor 8,protein
O14795,UNC13B,Protein unc-13 homolog B,protein
O14796,SH2D1B,SH2 domain-containing protein 1B,protein
O14798,TNFRSF10C,Tumor necrosis factor receptor superfamily member 10C,protein
O14802,POLR3A,DNA-directed RNA polymerase III subunit RPC1,protein
O14804,TAAR5,Trace amine-associated receptor 5,protein
O14807,MRAS,Ras-related protein M-Ras,protein
O14810,CPLX1,Complexin-1,protein
O14813,PHOX2A,Paired mesoderm homeobox protein 2A,protein
O14815,CAPN9,Calpain-9,protein
O14817,TSPAN4,Tetraspanin-4,protein
O14818,PSMA7,Proteasome subunit alpha type-7,protein
O14827,RASGRF2,Ras-specific guanine nucleotide-releasing factor 2,protein
O14828,SCAMP3,Secretory carrier-associated membrane protein 3,protein
O14829,PPEF1,Serine/threonine-protein phosphatase with EF-hands 1,protein
O14830,PPEF2,Serine/threonine-protein phosphatase with EF-hands 2,protein
O14832,PHYH,"Phytanoyl-CoA dioxygenase, peroxisomal",protein
O14836,TNFRSF13B,Tumor necrosis factor receptor superfamily member 13B,protein
O14841,OPLAH,5-oxoprolinase,protein
O14842,FFAR1,Free fatty acid receptor 1,protein
O14843,FFAR3,Free fatty acid receptor 3,protein
O14862,AIM2,Interferon-inducible protein AIM2,protein
O14863,SLC30A4,Probable proton-coupled zinc antiporter SLC30A4,protein
O14867,BACH1,Transcription regulator protein BACH1,protein
O14874,BCKDK,Branched-chain alpha-ketoacid dehydrogenase kinase,protein
O14879,IFIT3,Interferon-induced protein with tetratricopeptide repeats 3,protein
O14880,MGST3,"Glutathione S-transferase 3, mitochondrial",protein
O14893,GEMIN2,Gem-associated protein 2,protein
O14894,TM4SF5,Transmembrane 4 L6 family member 5,protein
O14896,IRF6,Interferon regulatory factor 6,protein
O14901,KLF11,Krueppel-like factor 11,protein
O14904,WNT9A,Protein Wnt-9a,protein
O14905,WNT9B,Protein Wnt-9b,protein
O14907,TAX1BP3,Tax1-binding protein 3,protein
O14908,GIPC1,PDZ domain-containing protein GIPC1,protein
O14910,LIN7A,Protein lin-7 homolog A,protein
O14917,PCDH17,Protocadherin-17,protein
O14920,IKBKB,Inhibitor of nuclear factor kappa-B kinase subunit beta,protein
O14921,RGS13,Regulator of G protein signaling 13,protein
O14924,RGS12,Regulator of G protein signaling 12,protein
O14925,TIMM23,Mitochondrial import inner membrane translocase subunit Tim23,protein
O14926,FSCN2,Fascin-2,protein
O14929,HAT1,Histone acetyltransferase type B catalytic subunit,protein
O14931,NCR3,Natural cytotoxicity triggering receptor 3,protein
O14933,UBE2L6,Ubiquitin/ISG15-conjugating enzyme E2 L6,protein
O14936,CASK,Peripheral plasma membrane protein CASK,protein
O14939,PLD2,Phospholipase D2,protein
O14944,EREG,Proepiregulin,protein
O14948,TFEC,Transcription factor EC,protein
O14949,UQCRQ,Cytochrome b-c1 complex subunit 8,protein
O14950,MYL12B,Myosin regulatory light chain 12B,protein
O14957,UQCR11,Cytochrome b-c1 complex subunit 10,protein
O14958,CASQ2,Calsequestrin-2,protein
O14960,LECT2,Leukocyte cell-derived chemotaxin-2,protein
O14964,HGS,Hepatocyte growth factor-regulated tyrosine kinase substrate,protein
O14965,AURKA,Aurora kinase A,protein
O14966,RAB29,Ras-related protein Rab-29,protein
O14967,CLGN,Calmegin,protein
O14972,VPS26C,Vacuolar protein sorting-associated protein 26C,protein
O14974,PPP1R12A,Protein phosphatase 1 regulatory subunit 12A,protein
O14975,SLC27A2,Long-chain fatty acid transport protein 2,protein
O14976,GAK,Cyclin-G-associated kinase,protein
O14977,AZIN1,Antizyme inhibitor 1,protein
O14978,ZNF263,Zinc finger protein 263,protein
O14979,HNRNPDL,Heterogeneous nuclear ribonucleoprotein D-like,protein
O14980,XPO1,Exportin-1,protein
O14981,BTAF1,TATA-binding protein-associated factor 172,protein
O14983,ATP2A1,Sarcoplasmic/endoplasmic reticulum calcium ATPase 1,protein
O14986,PIP5K1B,Phosphatidylinositol 4-phosphate 5-kinase type-1 beta,protein
O14990,PPP1R2C,Protein phosphatase inhibitor 2 family member C,protein
O14994,SYN3,Synapsin-3,protein
O15013,ARHGEF10,Rho guanine nucleotide exchange factor 10,protein
O15014,ZNF609,Zinc finger protein 609,protein
O15015,ZNF646,Zinc finger protein 646,protein
O15016,TRIM66,Tripartite motif-containing protein 66,protein
O15018,PDZD2,PDZ domain-containing protein 2,protein
O15020,SPTBN2,"Spectrin beta chain, non-erythrocytic 2",protein
O15027,SEC16A,Protein transport protein Sec16A,protein
O15031,PLXNB2,Plexin-B2,protein
O15033,AREL1,Apoptosis-resistant E3 ubiquitin protein ligase 1,protein
O15037,KHNYN,Protein KHNYN,protein
O15040,TECPR2,Tectonin beta-propeller repeat-containing protein 2,protein
O15041,SEMA3E,Semaphorin-3E,protein
O15042,U2SURP,U2 snRNP-associated SURP motif-containing protein,protein
O15047,SETD1A,Histone-lysine N-methyltransferase SETD1A,protein
O15049,N4BP3,NEDD4-binding protein 3,protein
O15054,KDM6B,Lysine-specific demethylase 6B,protein
O15055,PER2,Period circadian protein homolog 2,protein
O15056,SYNJ2,Polyphosphatidylinositol phosphatase SYNJ2,protein
O15060,ZBTB39,Zinc finger and BTB domain-containing protein 39,protein
O15061,SYNM,Synemin,protein
O15062,ZBTB5,Zinc finger and BTB domain-containing protein 5,protein
O15063,GARRE1,Granule associated Rac and RHOG effector protein 1,protein
O15066,KIF3B,Kinesin-like protein KIF3B,protein
O15067,PFAS,Phosphoribosylformylglycinamidine synthase,protein
O15068,MCF2L,Guanine nucleotide exchange factor DBS,protein
O15069,NACAD,NAC-alpha domain-containing protein 1,protein
O15072,ADAMTS3,A disintegrin and metalloproteinase with thrombospondin motifs 3,protein
O15075,DCLK1,Serine/threonine-protein kinase DCLK1,protein
O15078,CEP290,Centrosomal protein of 290 kDa,protein
O15079,SNPH,Syntaphilin,protein
O15083,ERC2,ERC protein 2,protein
O15084,ANKRD28,Serine/threonine-protein phosphatase 6 regulatory ankyrin repeat subunit A,protein
O15085,ARHGEF11,Rho guanine nucleotide exchange factor 11,protein
O15090,ZNF536,Zinc finger protein 536,protein
O15091,PRORP,Mitochondrial ribonuclease P catalytic subunit,protein
O15105,SMAD7,SMAD family member 7,protein
O15111,CHUK,Inhibitor of nuclear factor kappa-B kinase subunit alpha,protein
O15116,LSM1,U6 snRNA-associated Sm-like protein LSm1,protein
O15117,FYB1,FYN-binding protein 1,protein
O15118,NPC1,NPC intracellular cholesterol transporter 1,protein
O15119,TBX3,T-box transcription factor TBX3,protein
O15120,AGPAT2,1-acyl-sn-glycerol-3-phosphate acyltransferase beta,protein
O15121,DEGS1,Sphingolipid delta(4)-desaturase DES1,protein
O15123,ANGPT2,Angiopoietin-2,protein
O15126,SCAMP1,Secretory carrier-associated membrane protein 1,protein
O15127,SCAMP2,Secretory carrier-associated membrane protein 2,protein
O15130,NPFF,Pro-FMRFamide-related neuropeptide FF,protein
O15131,KPNA5,Importin subunit alpha-6,protein
O15143,ARPC1B,Actin-related protein 2/3 complex subunit 1B,protein
O15144,ARPC2,Actin-related protein 2/3 complex subunit 2,protein
O15145,ARPC3,Actin-related protein 2/3 complex subunit 3,protein
O15146,MUSK,"Muscle, skeletal receptor tyrosine-protein kinase",protein
O15151,MDM4,Protein Mdm4,protein
O15155,BET1,BET1 homolog,protein
O15156,ZBTB7B,Zinc finger and BTB domain-containing protein 7B,protein
O15160,POLR1C,DNA-directed RNA polymerases I and III subunit RPAC1,protein
O15162,PLSCR1,Phospholipid scramblase 1,protein
O15164,TRIM24,Transcription intermediary factor 1-alpha,protein
O15165,LDLRAD4,Low-density lipoprotein receptor class A domain-containing protein 4,protein
O15169,AXIN1,Axin-1,protein
O15173,PGRMC2,Membrane-associated progesterone receptor component 2,protein
O15178,TBXT,T-box transcription factor T,protein
O15182,CETN3,Centrin-3,protein
O15194,CTDSPL,CTD small phosphatase-like protein,protein
O15195,VILL,Villin-like protein,protein
O15197,EPHB6,Ephrin type-B receptor 6,protein
O15198,SMAD9,SMAD family member 9,protein
O15204,ADAMDEC1,ADAM DEC1,protein
O15205,UBD,Ubiquitin D,protein
O15209,ZBTB22,Zinc finger and BTB domain-containing protein 22,protein
O15211,RGL2,Ral guanine nucleotide dissociation stimulator-like 2,protein
O15212,PFDN6,Prefoldin subunit 6,protein
O15213,WDR46,WD repeat-containing protein 46,protein
O15217,GSTA4,Glutathione S-transferase A4,protein
O15218,ACKR5,Atypical chemokine receptor 5,protein
O15226,NKRF,NF-kappa-B-repressing factor,protein
O15228,GNPAT,Dihydroxyacetone phosphate acyltransferase,protein
O15229,KMO,Kynurenine 3-monooxygenase,protein
O15230,LAMA5,Laminin subunit alpha-5,protein
O15231,ZNF185,Zinc finger protein 185,protein
O15232,MATN3,Matrilin-3,protein
O15234,CASC3,Protein CASC3,protein
O15235,MRPS12,Small ribosomal subunit protein uS12m,protein
O15239,NDUFA1,NADH dehydrogenase [ubiquinone] 1 alpha subcomplex subunit 1,protein
O15240,VGF,Neurosecretory protein VGF,protein
O15243,LEPROT,Leptin receptor gene-related protein,protein
O15244,SLC22A2,Solute carrier family 22 member 2,protein
O15245,SLC22A1,Solute carrier family 22 member 1,protein
O15247,CLIC2,Chloride intracellular channel protein 2,protein
O15254,ACOX3,Peroxisomal acyl-coenzyme A oxidase 3,protein
O15258,RER1,Protein RER1,protein
O15259,NPHP1,Nephrocystin-1,protein
O15260,SURF4,Surfeit locus protein 4,protein
O15263,DEFB4A,Defensin beta 4A,protein
O15264,MAPK13,Mitogen-activated protein kinase 13,protein
O15265,ATXN7,Ataxin-7,protein
O15266,SHOX,Short stature homeobox protein,protein
O15269,SPTLC1,Serine palmitoyltransferase 1,protein
O15270,SPTLC2,Serine palmitoyltransferase 2,protein
O15273,TCAP,Telethonin,protein
O15287,FANCG,Fanconi anemia group G protein,protein
O15294,OGT,UDP-N-acetylglucosamine--peptide N-acetylglucosaminyltransferase 110 kDa subunit,protein
O15296,ALOX15B,Polyunsaturated fatty acid lipoxygenase ALOX15B,protein
O15297,PPM1D,Protein phosphatase 1D,protein
O15303,GRM6,Metabotropic glutamate receptor 6,protein
O15304,SIVA1,Apoptosis regulatory protein Siva,protein
O15305,PMM2,Phosphomannomutase 2,protein
O15315,RAD51B,DNA repair protein RAD51 homolog 2,protein
O15318,POLR3G,DNA-directed RNA polymerase III subunit RPC7,protein
O15321,TM9SF1,Transmembrane 9 superfamily member 1,protein
O15327,INPP4B,Inositol polyphosphate 4-phosphatase type II,protein
O15335,CHAD,Chondroadherin,protein
O15342,ATP6V0E1,V-type proton ATPase subunit e 1,protein
O15344,MID1,E3 ubiquitin-protein ligase MID1,protein
O15347,HMGB3,High mobility group protein B3,protein
O15350,TP73,Tumor protein p73,protein
O15353,FOXN1,Forkhead box protein N1,protein
O15354,GPR37,Prosaposin receptor GPR37,protein
O15355,PPM1G,Protein phosphatase 1G,protein
O15357,INPPL1,"Phosphatidylinositol 3,4,5-trisphosphate 5-phosphatase 2",protein
O15360,FANCA,Fanconi anemia group A protein,protein
O15370,SOX12,Transcription factor SOX-12,protein
O15371,EIF3D,Eukaryotic translation initiation factor 3 subunit D,protein
O15372,EIF3H,Eukaryotic translation initiation factor 3 subunit H,protein
O15374,SLC16A4,Probable monocarboxylate transporter 5,protein
O15375,SLC16A5,Monocarboxylate transporter 6,protein
O15379,HDAC3,Histone deacetylase 3,protein
O15381,NVL,Nuclear valosin-containing protein-like,protein
O15382,BCAT2,"Branched-chain-amino-acid aminotransferase, mitochondrial",protein
O15389,SIGLEC5,Sialic acid-binding Ig-like lectin 5,protein
O15391,YY2,Transcription factor YY2,protein
O15392,BIRC5,Baculoviral IAP repeat-containing protein 5,protein
O15393,TMPRSS2,Transmembrane protease serine 2,protein
O15394,NCAM2,Neural cell adhesion molecule 2,protein
O15397,IPO8,Importin-8,protein
O15399,GRIN2D,"Glutamate receptor ionotropic, NMDA 2D",protein
O15400,STX7,Syntaxin-7,protein
O15403,SLC16A6,Monocarboxylate transporter 7,protein
O15405,TOX3,TOX high mobility group box family member 3,protein
O15409,FOXP2,Forkhead box protein P2,protein
O15417,TNRC18,Trinucleotide repeat-containing gene 18 protein,protein
O15427,SLC16A3,Monocarboxylate transporter 4,protein
O15431,SLC31A1,High affinity copper uptake protein 1,protein
O15432,SLC31A2,Protein SLC31A2,protein
O15438,ABCC3,ATP-binding cassette sub-family C member 3,protein
O15439,ABCC4,ATP-binding cassette sub-family C member 4,protein
O15440,ABCC5,ATP-binding cassette sub-family C member 5,protein
O15444,CCL25,C-C motif chemokine 25,protein
O15446,POLR1G,DNA-directed RNA polymerase I subunit RPA34,protein
O15455,TLR3,Toll-like receptor 3,protein
O15457,MSH4,MutS protein homolog 4,protein
O15460,P4HA2,Prolyl 4-hydroxylase subunit alpha-2,protein
O15466,ST8SIA5,"Alpha-2,8-sialyltransferase 8E",protein
O15467,CCL16,C-C motif chemokine 16,protein
O15479,MAGEB2,Melanoma-associated antigen B2,protein
O15480,MAGEB3,Melanoma-associated antigen B3,protein
O15481,MAGEB4,Melanoma-associated antigen B4,protein
O15482,TEX28,Testis-specific protein TEX28,protein
O15484,CAPN5,Calpain-5,protein
O15488,GYG2,Glycogenin-2,protein
O15492,RGS16,Regulator of G protein signaling 16,protein
O15496,PLA2G10,Group 10 secretory phospholipase A2,protein
O15498,YKT6,Synaptobrevin homolog YKT6,protein
O15499,GSC2,Homeobox protein goosecoid-2,protein
O15503,INSIG1,Insulin-induced gene 1 protein,protein
O15504,NUP42,Nucleoporin NUP42,protein
O15511,ARPC5,Actin-related protein 2/3 complex subunit 5,protein
O15514,POLR2D,DNA-directed RNA polymerase II subunit RPB4,protein
O15516,CLOCK,Circadian locomoter output cycles protein kaput,protein
O15519,CFLAR,CASP8 and FADD-like apoptosis regulator,protein
O15520,FGF10,Fibroblast growth factor 10,protein
O15522,NKX2-8,Homeobox protein Nkx-2.8,protein
O15523,DDX3Y,ATP-dependent RNA helicase DDX3Y,protein
O15524,SOCS1,Suppressor of cytokine signaling 1,protein
O15525,MAFG,Transcription factor MafG,protein
O15527,OGG1,N-glycosylase/DNA lyase,protein
O15528,CYP27B1,"25-hydroxyvitamin D-1 alpha hydroxylase, mitochondrial",protein
O15529,GPR42,G protein-coupled receptor 42,protein
O15530,PDPK1,3-phosphoinositide-dependent protein kinase 1,protein
O15533,TAPBP,Tapasin,protein
O15534,PER1,Period circadian protein homolog 1,protein
O15535,ZSCAN9,Zinc finger and SCAN domain-containing protein 9,protein
O15537,RS1,Retinoschisin,protein
O15539,RGS5,Regulator of G protein signaling 5,protein
O15540,FABP7,"Fatty acid-binding protein, brain",protein
O15541,RNF113A,E3 ubiquitin-protein ligase RNF113A,protein
O15547,P2RX6,P2X purinoceptor 6,protein
O15550,KDM6A,Lysine-specific demethylase 6A,protein
O15551,CLDN3,Claudin-3,protein
O15552,FFAR2,Free fatty acid receptor 2,protein
O15553,MEFV,Pyrin,protein
O15554,KCNN4,Intermediate conductance calcium-activated potassium channel protein 4,protein
O43143,DHX15,ATP-dependent RNA helicase DHX15,protein
O43147,SGSM2,Small G protein signaling modulator 2,protein
O43148,RNMT,mRNA cap guanine-N(7) methyltransferase,protein
O43149,ZZEF1,Zinc finger ZZ-type and EF-hand domain-containing protein 1,protein
O43150,ASAP2,"Arf-GAP with SH3 domain, ANK repeat and PH domain-containing protein 2",protein
O43151,TET3,Methylcytosine dioxygenase TET3,protein
O43155,FLRT2,Leucine-rich repeat transmembrane protein FLRT2,protein
O43156,TTI1,TELO2-interacting protein 1 homolog,protein
O43157,PLXNB1,Plexin-B1,protein
O43159,RRP8,Ribosomal RNA-processing protein 8,protein
O43164,PJA2,E3 ubiquitin-protein ligase Praja-2,protein
O43166,SIPA1L1,Signal-induced proliferation-associated 1-like protein 1,protein
O43167,ZBTB24,Zinc finger and BTB domain-containing protein 24,protein
O43169,CYB5B,Cytochrome b5 type B,protein
O43172,PRPF4,U4/U6 small nuclear ribonucleoprotein Prp4,protein
O43173,ST8SIA3,"Alpha-N-acetylneuraminate alpha-2,8-sialyltransferase ST8SIA3",protein
O43174,CYP26A1,Cytochrome P450 26A1,protein
O43175,PHGDH,D-3-phosphoglycerate dehydrogenase,protein
O43181,NDUFS4,"NADH dehydrogenase [ubiquinone] iron-sulfur protein 4, mitochondrial",protein
O43182,ARHGAP6,Rho GTPase-activating protein 6,protein
O43184,ADAM12,Disintegrin and metalloproteinase domain-containing protein 12,protein
O43186,CRX,Cone-rod homeobox protein,protein
O43187,IRAK2,Interleukin-1 receptor-associated kinase-like 2,protein
O43189,PHF1,PHD finger protein 1,protein
O43193,MLNR,Motilin receptor,protein
O43194,GPR39,G protein-coupled receptor 39,protein
O43196,MSH5,MutS protein homolog 5,protein
O43236,SEPTIN4,Septin-4,protein
O43237,DYNC1LI2,Cytoplasmic dynein 1 light intermediate chain 2,protein
O43240,KLK10,Kallikrein-10,protein
O43242,PSMD3,26S proteasome non-ATPase regulatory subunit 3,protein
O43246,SLC7A4,Cationic amino acid transporter 4,protein
O43248,HOXC11,Homeobox protein Hox-C11,protein
O43251,RBFOX2,RNA binding protein fox-1 homolog 2,protein
O43252,PAPSS1,Bifunctional 3'-phosphoadenosine 5'-phosphosulfate synthase 1,protein
O43255,SIAH2,E3 ubiquitin-protein ligase SIAH2,protein
O43257,ZNHIT1,Zinc finger HIT domain-containing protein 1,protein
O43261,DLEU1,Leukemia-associated protein 1,protein
O43264,ZW10,Centromere/kinetochore protein zw10 homolog,protein
O43272,PRODH,"Proline dehydrogenase 1, mitochondrial",protein
O43278,SPINT1,Kunitz-type protease inhibitor 1,protein
O43280,TREH,Trehalase,protein
O43281,EFS,Embryonal Fyn-associated substrate,protein
O43283,MAP3K13,Mitogen-activated protein kinase kinase kinase 13,protein
O43286,B4GALT5,"Beta-1,4-galactosyltransferase 5",protein
O43290,SART1,U4/U6.U5 tri-snRNP-associated protein 1,protein
O43291,SPINT2,Kunitz-type protease inhibitor 2,protein
O43292,GPAA1,GPI-anchor transamidase component GPAA1,protein
O43293,DAPK3,Death-associated protein kinase 3,protein
O43294,TGFB1I1,Transforming growth factor beta-1-induced transcript 1 protein,protein
O43295,SRGAP3,SLIT-ROBO Rho GTPase-activating protein 3,protein
O43296,ZNF264,Zinc finger protein 264,protein
O43298,ZBTB43,Zinc finger and BTB domain-containing protein 43,protein
O43299,AP5Z1,AP-5 complex subunit zeta-1,protein
O43300,LRRTM2,Leucine-rich repeat transmembrane neuronal protein 2,protein
O43301,HSPA12A,Heat shock 70 kDa protein 12A,protein
O43303,CCP110,Centriolar coiled-coil protein of 110 kDa,protein
O43304,SEC14L5,SEC14-like protein 5,protein
O43306,ADCY6,Adenylate cyclase type 6,protein
O43307,ARHGEF9,Rho guanine nucleotide exchange factor 9,protein
O43309,ZSCAN12,Zinc finger and SCAN domain-containing protein 12,protein
O43310,CTIF,CBP80/20-dependent translation initiation factor,protein
O43312,MTSS1,Protein MTSS 1,protein
O43313,ATMIN,ATM interactor,protein
O43314,PPIP5K2,Inositol hexakisphosphate and diphosphoinositol-pentakisphosphate kinase 2,protein
O43315,AQP9,Aquaporin-9,protein
O43316,PAX4,Paired box protein Pax-4,protein
O43318,MAP3K7,Mitogen-activated protein kinase kinase kinase 7,protein
O43320,FGF16,Fibroblast growth factor 16,protein
O43323,DHH,Desert hedgehog protein,protein
O43324,EEF1E1,Eukaryotic translation elongation factor 1 epsilon-1,protein
O43325,LYRM1,LYR motif-containing protein 1,protein
O43347,MSI1,RNA-binding protein Musashi homolog 1,protein
O43353,RIPK2,Receptor-interacting serine/threonine-protein kinase 2,protein
O43364,HOXA2,Homeobox protein Hox-A2,protein
O43365,HOXA3,Homeobox protein Hox-A3,protein
O43374,RASA4,Ras GTPase-activating protein 4,protein
O43379,WDR62,WD repeat-containing protein 62,protein
O43390,HNRNPR,Heterogeneous nuclear ribonucleoprotein R,protein
O43395,PRPF3,U4/U6 small nuclear ribonucleoprotein Prp3,protein
O43396,TXNL1,Thioredoxin-like protein 1,protein
O43399,TPD52L2,Tumor protein D54,protein
O43402,EMC8,ER membrane protein complex subunit 8,protein
O43405,COCH,Cochlin,protein
O43414,ERI3,ERI1 exoribonuclease 3,protein
O43422,THAP12,52 kDa repressor of the inhibitor of the protein kinase,protein
O43424,GRID2,"Glutamate receptor ionotropic, delta-2",protein
O43426,SYNJ1,Polyphosphatidylinositol phosphatase SYNJ1,protein
O43427,FIBP,Acidic fibroblast growth factor intracellular-binding protein,protein
O43432,EIF4G3,Eukaryotic translation initiation factor 4 gamma 3,protein
O43435,TBX1,T-box transcription factor TBX1,protein
O43439,CBFA2T2,Protein CBFA2T2,protein
O43447,PPIH,Peptidyl-prolyl cis-trans isomerase H,protein
O43448,KCNAB3,Voltage-gated potassium channel subunit beta-3,protein
O43451,MGAM,Maltase-glucoamylase,protein
O43462,MBTPS2,Membrane-bound transcription factor site-2 protease,protein
O43463,SUV39H1,Histone-lysine N-methyltransferase SUV39H1,protein
O43464,HTRA2,"Serine protease HTRA2, mitochondrial",protein
O43474,KLF4,Krueppel-like factor 4,protein
O43482,OIP5,Protein Mis18-beta,protein
O43488,AKR7A2,Aflatoxin B1 aldehyde reductase member 2,protein
O43490,PROM1,Prominin-1,protein
O43491,EPB41L2,Band 4.1-like protein 2,protein
O43493,TGOLN2,Trans-Golgi network integral membrane protein 2,protein
O43497,CACNA1G,Voltage-dependent T-type calcium channel subunit alpha-1G,protein
O43502,RAD51C,DNA repair protein RAD51 homolog 3,protein
O43504,LAMTOR5,Ragulator complex protein LAMTOR5,protein
O43505,B4GAT1,"Beta-1,4-glucuronyltransferase 1",protein
O43506,ADAM20,Disintegrin and metalloproteinase domain-containing protein 20,protein
O43508,TNFSF12,Tumor necrosis factor ligand superfamily member 12,protein
O43511,SLC26A4,Pendrin,protein
O43513,MED7,Mediator of RNA polymerase II transcription subunit 7,protein
O43516,WIPF1,WAS/WASL-interacting protein family member 1,protein
O43520,ATP8B1,Phospholipid-transporting ATPase IC,protein
O43521,BCL2L11,Bcl-2-like protein 11,protein
O43524,FOXO3,Forkhead box protein O3,protein
O43525,KCNQ3,Potassium voltage-gated channel subfamily KQT member 3,protein
O43526,KCNQ2,Potassium voltage-gated channel subfamily KQT member 2,protein
O43529,CHST10,Carbohydrate sulfotransferase 10,protein
O43541,SMAD6,SMAD family member 6,protein
O43542,XRCC3,DNA repair protein XRCC3,protein
O43543,XRCC2,DNA repair protein XRCC2,protein
O43548,TGM5,Protein-glutamine gamma-glutamyltransferase 5,protein
O43555,GNRH2,Progonadoliberin-2,protein
O43556,SGCE,Epsilon-sarcoglycan,protein
O43557,TNFSF14,Tumor necrosis factor ligand superfamily member 14,protein
O43559,FRS3,Fibroblast growth factor receptor substrate 3,protein
O43561,LAT,Linker for activation of T-cells family member 1,protein
O43566,RGS14,Regulator of G protein signaling 14,protein
O43567,RNF13,E3 ubiquitin-protein ligase RNF13,protein
O43570,CA12,Carbonic anhydrase 12,protein
O43572,AKAP10,"A-kinase anchor protein 10, mitochondrial",protein
O43581,SYT7,Synaptotagmin-7,protein
O43583,DENR,Density-regulated protein,protein
O43586,PSTPIP1,Proline-serine-threonine phosphatase-interacting protein 1,protein
O43592,XPOT,Exportin-T,protein
O43593,HR,Lysine-specific demethylase hairless,protein
O43597,SPRY2,Protein sprouty homolog 2,protein
O43598,DNPH1,5-hydroxymethyl-dUMP N-hydrolase,protein
O43602,DCX,Neuronal migration protein doublecortin,protein
O43603,GALR2,Galanin receptor type 2,protein
O43609,SPRY1,Protein sprouty homolog 1,protein
O43610,SPRY3,Protein sprouty homolog 3,protein
O43612,HCRT,Hypocretin neuropeptide precursor,protein
O43613,HCRTR1,Orexin/Hypocretin receptor type 1,protein
O43614,HCRTR2,Orexin receptor type 2,protein
O43615,TIMM44,Mitochondrial import inner membrane translocase subunit TIM44,protein
O43617,TRAPPC3,Trafficking protein particle complex subunit 3,protein
O43623,SNAI2,Zinc finger protein SNAI2,protein
O43633,CHMP2A,Charged multivesicular body protein 2a,protein
O43638,FOXS1,Forkhead box protein S1,protein
O43639,NCK2,Cytoplasmic protein NCK2,protein
O43653,PSCA,Prostate stem cell antigen,protein
O43657,TSPAN6,Tetraspanin-6,protein
O43660,PLRG1,Pleiotropic regulator 1,protein
O43663,PRC1,Protein regulator of cytokinesis 1,protein
O43665,RGS10,Regulator of G protein signaling 10,protein
O43670,ZNF207,BUB3-interacting and GLEBS motif-containing protein ZNF207,protein
O43674,NDUFB5,"NADH dehydrogenase [ubiquinone] 1 beta subcomplex subunit 5, mitochondrial",protein
O43676,NDUFB3,NADH dehydrogenase [ubiquinone] 1 beta subcomplex subunit 3,protein
O43677,NDUFC1,"NADH dehydrogenase [ubiquinone] 1 subunit C1, mitochondrial",protein
O43678,NDUFA2,NADH dehydrogenase [ubiquinone] 1 alpha subcomplex subunit 2,protein
O43679,LDB2,LIM domain-binding protein 2,protein
O43680,TCF21,Transcription factor 21,protein
O43681,GET3,ATPase GET3,protein
O43683,BUB1,Mitotic checkpoint serine/threonine-protein kinase BUB1,protein
O43684,BUB3,Mitotic checkpoint protein BUB3,protein
O43688,PLPP2,Phospholipid phosphatase 2,protein
O43692,PI15,Peptidase inhibitor 15,protein
O43699,SIGLEC6,Sialic acid-binding Ig-like lectin 6,protein
O43704,SULT1B1,Sulfotransferase 1B1,protein
O43707,ACTN4,Alpha-actinin-4,protein
O43708,GSTZ1,Maleylacetoacetate isomerase,protein
O43709,BUD23,18S rRNA (guanine-N(7))-methyltransferase,protein
O43711,TLX3,T-cell leukemia homeobox protein 3,protein
O43715,TRIAP1,TP53-regulated inhibitor of apoptosis 1,protein
O43716,GATC,"Glutamyl-tRNA(Gln) amidotransferase subunit C, mitochondrial",protein
O43719,HTATSF1,17S U2 SnRNP complex component HTATSF1,protein
O43731,KDELR3,ER lumen protein-retaining receptor 3,protein
O43734,TRAF3IP2,E3 ubiquitin ligase TRAF3IP2,protein
O43736,ITM2A,Integral membrane protein 2A,protein
O43739,CYTH3,Cytohesin-3,protein
O43741,PRKAB2,5'-AMP-activated protein kinase subunit beta-2,protein
O43745,CHP2,Calcineurin B homologous protein 2,protein
O43747,AP1G1,AP-1 complex subunit gamma-1,protein
O43752,STX6,Syntaxin-6,protein
O43759,SYNGR1,Synaptogyrin-1,protein
O43760,SYNGR2,Synaptogyrin-2,protein
O43761,SYNGR3,Synaptogyrin-3,protein
O43763,TLX2,T-cell leukemia homeobox protein 2,protein
O43765,SGTA,Small glutamine-rich tetratricopeptide repeat-containing protein alpha,protein
O43766,LIAS,"Lipoyl synthase, mitochondrial",protein
O43768,ENSA,Alpha-endosulfine,protein
O43772,SLC25A20,Mitochondrial carnitine/acylcarnitine carrier protein,protein
O43776,NARS1,"Asparagine--tRNA ligase, cytoplasmic",protein
O43781,DYRK3,Dual specificity tyrosine-phosphorylation-regulated kinase 3,protein
O43790,KRT86,"Keratin, type II cuticular Hb6",protein
O43791,SPOP,Speckle-type POZ protein,protein
O43795,MYO1B,Unconventional myosin-Ib,protein
O43805,SSNA1,Microtubule nucleation factor SSNA1,protein
O43808,SLC25A17,Peroxisomal membrane protein PMP34,protein
O43809,NUDT21,Cleavage and polyadenylation specificity factor subunit 5,protein
O43812,DUX1,Double homeobox protein 1,protein
O43813,LANCL1,Glutathione S-transferase LANCL1,protein
O43815,STRN,Striatin,protein
O43818,RRP9,U3 small nucleolar RNA-interacting protein 2,protein
O43819,SCO2,Cytochrome c oxidase assembly factor SCO2,protein
O43820,HYAL3,Hyaluronidase-3,protein
O43822,CFAP410,Cilia- and flagella-associated protein 410,protein
O43823,AKAP8,A-kinase anchor protein 8,protein
O43824,GTPBP6,Putative GTP-binding protein 6,protein
O43825,B3GALT2,"Beta-1,3-galactosyltransferase 2",protein
O43826,SLC37A4,Glucose-6-phosphate exchanger SLC37A4,protein
O43827,ANGPTL7,Angiopoietin-related protein 7,protein
O43829,ZBTB14,Zinc finger and BTB domain-containing protein 14,protein
O43837,IDH3B,"Isocitrate dehydrogenase [NAD] subunit beta, mitochondrial",protein
O43847,NRDC,Nardilysin,protein
O43852,CALU,Calumenin,protein
O43854,EDIL3,EGF-like repeat and discoidin I-like domain-containing protein 3,protein
O43861,ATP9B,Probable phospholipid-transporting ATPase IIB,protein
O43865,AHCYL1,S-adenosylhomocysteine hydrolase-like protein 1,protein
O43866,CD5L,CD5 antigen-like,protein
O43868,SLC28A2,Sodium/nucleoside cotransporter 2,protein
O43869,OR2T1,Olfactory receptor 2T1,protein
O43889,CREB3,Cyclic AMP-responsive element-binding protein 3,protein
O43895,XPNPEP2,Xaa-Pro aminopeptidase 2,protein
O43896,KIF1C,Kinesin-like protein KIF1C,protein
O43897,TLL1,Tolloid-like protein 1,protein
O43900,PRICKLE3,Prickle planar cell polarity protein 3,protein
O43903,GAS2,Growth arrest-specific protein 2,protein
O43909,EXTL3,Exostosin-like 3,protein
O43913,ORC5,Origin recognition complex subunit 5,protein
O43914,TYROBP,TYRO protein tyrosine kinase-binding protein,protein
O43915,VEGFD,Vascular endothelial growth factor D,protein
O43916,CHST1,Carbohydrate sulfotransferase 1,protein
O43918,AIRE,Autoimmune regulator,protein
O43920,NDUFS5,NADH dehydrogenase [ubiquinone] iron-sulfur protein 5,protein
O43921,EFNA2,Ephrin-A2,protein
O43924,PDE6D,"Retinal rod rhodopsin-sensitive cGMP 3',5'-cyclic phosphodiesterase subunit delta",protein
O43927,CXCL13,C-X-C motif chemokine 13,protein
O43929,ORC4,Origin recognition complex subunit 4,protein
O43933,PEX1,Peroxisomal ATPase PEX1,protein
O43934,MFSD11,UNC93-like protein MFSD11,protein
O60216,RAD21,Double-strand-break repair protein rad21 homolog,protein
O60218,AKR1B10,Aldo-keto reductase family 1 member B10,protein
O60220,TIMM8A,Mitochondrial import inner membrane translocase subunit Tim8 A,protein
O60224,SSX4,Protein SSX4,protein
O60225,SSX5,Protein SSX5,protein
O60229,KALRN,Kalirin,protein
O60231,DHX16,Pre-mRNA-splicing factor ATP-dependent RNA helicase DHX16,protein
O60232,ZNRD2,Protein ZNRD2,protein
O60234,GMFG,Glia maturation factor gamma,protein
O60235,TMPRSS11D,Transmembrane protease serine 11D,protein
O60237,PPP1R12B,Protein phosphatase 1 regulatory subunit 12B,protein
O60238,BNIP3L,BCL2/adenovirus E1B 19 kDa protein-interacting protein 3-like,protein
O60239,SH3BP5,SH3 domain-binding protein 5,protein
O60240,PLIN1,Perilipin-1,protein
O60241,ADGRB2,Adhesion G protein-coupled receptor B2,protein
O60242,ADGRB3,Adhesion G protein-coupled receptor B3,protein
O60243,HS6ST1,Heparan-sulfate 6-O-sulfotransferase 1,protein
O60244,MED14,Mediator of RNA polymerase II transcription subunit 14,protein
O60245,PCDH7,Protocadherin-7,protein
O60248,SOX15,Transcription factor SOX-15,protein
O60256,PRPSAP2,Phosphoribosyl pyrophosphate synthase-associated protein 2,protein
O60258,FGF17,Fibroblast growth factor 17,protein
O60259,KLK8,Kallikrein-8,protein
O60260,PRKN,E3 ubiquitin-protein ligase parkin,protein
O60262,GNG7,Guanine nucleotide-binding protein G(I)/G(S)/G(O) subunit gamma-7,protein
O60264,SMARCA5,SWI/SNF-related matrix-associated actin-dependent regulator of chromatin subfamily A member 5,protein
O60266,ADCY3,Adenylate cyclase type 3,protein
O60269,GPRIN2,G protein-regulated inducer of neurite outgrowth 2,protein
O60271,SPAG9,C-Jun-amino-terminal kinase-interacting protein 4,protein
O60282,KIF5C,Kinesin heavy chain isoform 5C,protein
O60284,ST18,Suppression of tumorigenicity 18 protein,protein
O60285,NUAK1,NUAK family SNF1-like kinase 1,protein
O60287,URB1,Nucleolar pre-ribosomal-associated protein 1,protein
O60291,MGRN1,E3 ubiquitin-protein ligase MGRN1,protein
O60292,SIPA1L3,Signal-induced proliferation-associated 1-like protein 3,protein
O60293,ZFC3H1,Zinc finger C3H1 domain-containing protein,protein
O60294,LCMT2,tRNA wybutosine-synthesizing protein 4,protein
O60296,TRAK2,Trafficking kinesin-binding protein 2,protein
O60303,KATNIP,Katanin-interacting protein,protein
O60304,ZNF500,Zinc finger protein 500,protein
O60306,AQR,RNA helicase aquarius,protein
O60307,MAST3,Microtubule-associated serine/threonine-protein kinase 3,protein
O60308,CEP104,Centrosomal protein of 104 kDa,protein
O60312,ATP10A,Phospholipid-transporting ATPase VA,protein
O60313,OPA1,"Dynamin-like GTPase OPA1, mitochondrial",protein
O60315,ZEB2,Zinc finger E-box-binding homeobox 2,protein
O60318,MCM3AP,Germinal-center associated nuclear protein,protein
O60331,PIP5K1C,Phosphatidylinositol 4-phosphate 5-kinase type-1 gamma,protein
O60333,KIF1B,Kinesin-like protein KIF1B,protein
O60336,MAPKBP1,Mitogen-activated protein kinase-binding protein 1,protein
O60337,MARCHF6,E3 ubiquitin-protein ligase MARCHF6,protein
O60341,KDM1A,Lysine-specific histone demethylase 1A,protein
O60343,TBC1D4,TBC1 domain family member 4,protein
O60346,PHLPP1,PH domain leucine-rich repeat-containing protein phosphatase 1,protein
O60347,TBC1D12,TBC1 domain family member 12,protein
O60353,FZD6,Frizzled-6,protein
O60356,NUPR1,Nuclear protein 1,protein
O60359,CACNG3,Voltage-dependent calcium channel gamma-3 subunit,protein
O60381,HBP1,HMG box-containing protein 1,protein
O60383,GDF9,Growth/differentiation factor 9,protein
O60391,GRIN3B,"Glutamate receptor ionotropic, NMDA 3B",protein
O60393,NOBOX,Homeobox protein NOBOX,protein
O60403,OR10H2,Olfactory receptor 10H2,protein
O60412,OR7C2,Olfactory receptor 7C2,protein
O60422,ONECUT3,One cut domain family member 3,protein
O60423,ATP8B3,Phospholipid-transporting ATPase IK,protein
O60427,FADS1,Acyl-CoA (8-3)-desaturase,protein
O60437,PPL,Periplakin,protein
O60443,GSDME,Gasdermin-E,protein
O60447,EVI5,Ecotropic viral integration site 5 protein homolog,protein
O60449,LY75,Lymphocyte antigen 75,protein
O60462,NRP2,Neuropilin-2,protein
O60469,DSCAM,Cell adhesion molecule DSCAM,protein
O60476,MAN1A2,"Mannosyl-oligosaccharide 1,2-alpha-mannosidase IB",protein
O60477,BRINP1,BMP/retinoic acid-inducible neural-specific protein 1,protein
O60478,GPR137B,Integral membrane protein GPR137B,protein
O60479,DLX3,Homeobox protein DLX-3,protein
O60481,ZIC3,Zinc finger protein ZIC 3,protein
O60486,PLXNC1,Plexin-C1,protein
O60487,MPZL2,Myelin protein zero-like protein 2,protein
O60488,ACSL4,Long-chain-fatty-acid--CoA ligase 4,protein
O60493,SNX3,Sorting nexin-3,protein
O60494,CUBN,Cubilin,protein
O60496,DOK2,Docking protein 2,protein
O60499,STX10,Syntaxin-10,protein
O60500,NPHS1,Nephrin,protein
O60502,OGA,Protein O-GlcNAcase,protein
O60503,ADCY9,Adenylate cyclase type 9,protein
O60504,SORBS3,Vinexin,protein
O60506,SYNCRIP,Heterogeneous nuclear ribonucleoprotein Q,protein
O60507,TPST1,Protein-tyrosine sulfotransferase 1,protein
O60508,CDC40,Pre-mRNA-processing factor 17,protein
O60512,B4GALT3,"Beta-1,4-galactosyltransferase 3",protein
O60513,B4GALT4,"Beta-1,4-galactosyltransferase 4",protein
O60516,EIF4EBP3,Eukaryotic translation initiation factor 4E-binding protein 3,protein
O60518,RANBP6,Ran-binding protein 6,protein
O60519,CREBL2,cAMP-responsive element-binding protein-like 2,protein
O60524,NEMF,Ribosome quality control complex subunit NEMF,protein
O60542,PSPN,Persephin,protein
O60543,CIDEA,Lipid transferase CIDEA,protein
O60547,GMDS,"GDP-mannose 4,6 dehydratase",protein
O60548,FOXD2,Forkhead box protein D2,protein
O60551,NMT2,Glycylpeptide N-tetradecanoyltransferase 2,protein
O60563,CCNT1,Cyclin-T1,protein
O60565,GREM1,Gremlin-1,protein
O60566,BUB1B,Mitotic checkpoint serine/threonine-protein kinase BUB1 beta,protein
O60568,PLOD3,Multifunctional procollagen lysine hydroxylase and glycosyltransferase LH3,protein
O60573,EIF4E2,Eukaryotic translation initiation factor 4E type 2,protein
O60575,SPINK4,Serine protease inhibitor Kazal-type 4,protein
O60583,CCNT2,Cyclin-T2,protein
O60602,TLR5,Toll-like receptor 5,protein
O60603,TLR2,Toll-like receptor 2,protein
O60609,GFRA3,GDNF family receptor alpha-3,protein
O60610,DIAPH1,Protein diaphanous homolog 1,protein
O60613,SELENOF,Selenoprotein F,protein
O60635,TSPAN1,Tetraspanin-1,protein
O60636,TSPAN2,Tetraspanin-2,protein
O60637,TSPAN3,Tetraspanin-3,protein
O60641,SNAP91,Clathrin coat assembly protein AP180,protein
O60645,EXOC3,Exocyst complex component 3,protein
O60656,UGT1A9,UDP-glucuronosyltransferase 1A9,protein
O60658,PDE8A,"High affinity cAMP-specific and IBMX-insensitive 3',5'-cyclic phosphodiesterase 8A",protein
O60662,KLHL41,Kelch-like protein 41,protein
O60663,LMX1B,LIM homeobox transcription factor 1-beta,protein
O60664,PLIN3,Perilipin-3,protein
O60667,FCMR,Immunoglobulin mu Fc receptor,protein
O60669,SLC16A7,Monocarboxylate transporter 2,protein
O60671,RAD1,Cell cycle checkpoint protein RAD1,protein
O60673,REV3L,DNA polymerase zeta catalytic subunit,protein
O60674,JAK2,Tyrosine-protein kinase JAK2,protein
O60675,MAFK,Transcription factor MafK,protein
O60676,CST8,Cystatin-8,protein
O60678,PRMT3,Protein arginine N-methyltransferase 3,protein
O60682,MSC,Musculin,protein
O60683,PEX10,Peroxisome biogenesis factor 10,protein
O60684,KPNA6,Importin subunit alpha-7,protein
O60687,SRPX2,Sushi repeat-containing protein SRPX2,protein
O60701,UGDH,UDP-glucose 6-dehydrogenase,protein
O60704,TPST2,Protein-tyrosine sulfotransferase 2,protein
O60706,ABCC9,ATP-binding cassette sub-family C member 9,protein
O60711,LPXN,Leupaxin,protein
O60716,CTNND1,Catenin delta-1,protein
O60721,SLC24A1,Sodium/potassium/calcium exchanger 1,protein
O60725,ICMT,Protein-S-isoprenylcysteine O-methyltransferase,protein
O60729,CDC14B,Dual specificity protein phosphatase CDC14B,protein
O60732,MAGEC1,Melanoma-associated antigen C1,protein
O60733,PLA2G6,85/88 kDa calcium-independent phospholipase A2,protein
O60739,EIF1B,Eukaryotic translation initiation factor 1b,protein
O60741,HCN1,Potassium/sodium hyperpolarization-activated cyclic nucleotide-gated channel 1,protein
O60749,SNX2,Sorting nexin-2,protein
O60755,GALR3,Galanin receptor type 3,protein
O60759,CYTIP,Cytohesin-interacting protein,protein
O60760,HPGDS,Hematopoietic prostaglandin D synthase,protein
O60762,DPM1,Dolichol-phosphate mannosyltransferase subunit 1,protein
O60763,USO1,General vesicular transport factor p115,protein
O60765,ZNF354A,Zinc finger protein 354A,protein
O60779,SLC19A2,Thiamine transporter 1,protein
O60783,MRPS14,Small ribosomal subunit protein uS14m,protein
O60784,TOM1,Target of Myb1 membrane trafficking protein,protein
O60806,TBX19,T-box transcription factor TBX19,protein
O60809,PRAMEF10,PRAME family member 10,protein
O60812,HNRNPCL1,Heterogeneous nuclear ribonucleoprotein C-like 1,protein
O60814,H2BC12,Histone H2B type 1-K,protein
O60825,PFKFB2,"6-phosphofructo-2-kinase/fructose-2,6-bisphosphatase 2",protein
O60826,CCDC22,Coiled-coil domain-containing protein 22,protein
O60828,PQBP1,Polyglutamine-binding protein 1,protein
O60829,PAGE4,P antigen family member 4,protein
O60830,TIMM17B,Mitochondrial import inner membrane translocase subunit Tim17-B,protein
O60831,PRAF2,PRA1 family protein 2,protein
O60832,DKC1,H/ACA ribonucleoprotein complex subunit DKC1,protein
O60840,CACNA1F,Voltage-dependent L-type calcium channel subunit alpha-1F,protein
O60841,EIF5B,Eukaryotic translation initiation factor 5B,protein
O60844,ZG16,Zymogen granule membrane protein 16,protein
O60858,TRIM13,E3 ubiquitin-protein ligase TRIM13,protein
O60861,GAS7,Growth arrest-specific protein 7,protein
O60869,EDF1,Endothelial differentiation-related factor 1,protein
O60870,KIN,DNA/RNA-binding protein KIN17,protein
O60879,DIAPH2,Protein diaphanous homolog 2,protein
O60880,SH2D1A,SH2 domain-containing protein 1A,protein
O60882,MMP20,Matrix metalloproteinase-20,protein
O60883,GPR37L1,G protein-coupled receptor 37-like 1,protein
O60884,DNAJA2,DnaJ homolog subfamily A member 2,protein
O60885,BRD4,Bromodomain-containing protein 4,protein
O60888,CUTA,Protein CutA,protein
O60890,OPHN1,Oligophrenin-1,protein
O60894,RAMP1,Receptor activity-modifying protein 1,protein
O60895,RAMP2,Receptor activity-modifying protein 2,protein
O60896,RAMP3,Receptor activity-modifying protein 3,protein
O60902,SHOX2,Short stature homeobox protein 2,protein
O60906,SMPD2,Sphingomyelin phosphodiesterase 2,protein
O60907,TBL1X,F-box-like/WD repeat-containing protein TBL1X,protein
O60909,B4GALT2,"Beta-1,4-galactosyltransferase 2",protein
O60911,CTSV,Cathepsin L2,protein
O60921,HUS1,Checkpoint protein HUS1,protein
