go_id,aspect
GO:0005515,F
GO:0042105,C
GO:0005576,C
GO:0005886,C
GO:0002250,P
GO:0019814,C
GO:0006955,P
GO:0050830,P
GO:0070330,F
GO:0006805,P
GO:0042178,P
GO:0016712,F
GO:0005737,C
GO:0005739,C
GO:0019901,F
GO:0030674,F
GO:0044325,F
GO:0140978,F
GO:0005741,C
GO:0005743,C
GO:1900101,P
GO:0003677,F
GO:0140297,F
GO:0001649,P
GO:0006357,P
GO:0032147,P
GO:0033687,P
GO:0043610,P
GO:0048630,P
GO:0071902,P
GO:0072522,P
GO:2001145,P
GO:0005634,C
GO:0042803,F
GO:0030593,P
GO:0000956,P
GO:0010607,P
GO:0000932,C
GO:0051117,F
GO:0032469,P
GO:0035774,P
GO:0005783,C
GO:0005789,C
GO:0007520,P
GO:0014905,P
GO:0045618,P
GO:0060271,P
GO:0035869,C
GO:0030054,C
GO:0046611,C
GO:0071230,P
GO:1904262,P
GO:0005765,C
GO:0031902,C
GO:0005654,C
GO:0010838,P
GO:0070161,C
GO:0005730,C
GO:0000122,P
GO:0005829,C
GO:0042551,P
GO:0031965,C
GO:0031966,C
GO:0007015,P
GO:0042058,P
GO:0031625,F
GO:0050821,P
GO:0003723,F
GO:0003730,F
GO:0019899,F
GO:0140767,F
GO:0000381,P
GO:0016554,P
GO:0060340,P
GO:0070935,P
GO:0030895,C
GO:0005929,C
GO:0097542,C
GO:0030991,C
GO:0030992,C
GO:0061630,F
GO:0000209,P
GO:0006511,P
GO:0016567,P
GO:0030970,P
GO:0036503,P
GO:0000978,F
GO:0000987,F
GO:0001227,F
GO:0003700,F
GO:1990837,F
GO:0002040,P
GO:0045944,P
GO:0019780,F
GO:0005509,F
GO:0005544,F
GO:0008429,F
GO:0031210,F
GO:0035091,F
GO:0042802,F
GO:0045296,F
GO:0009898,C
GO:0016020,C
GO:0044232,C
GO:0140268,C
GO:0016604,C
GO:0070847,C
GO:0062069,F
GO:0120013,F
GO:0034498,P
GO:0120009,P
GO:0005769,C
GO:2001224,P
GO:0005874,C
GO:0015370,F
GO:0008645,P
GO:0070062,C
GO:0097177,F
GO:0033617,P
GO:0000287,F
GO:0035252,F
GO:0180059,P
GO:0031901,C
GO:0007605,P
GO:0005096,F
GO:0051056,P
GO:0010008,C
GO:0003924,F
GO:0003925,F
GO:0043539,F
GO:0050700,F
GO:0051434,F
GO:0000045,P
GO:0001934,P
GO:0010508,P
GO:0010800,P
GO:0031648,P
GO:0032480,P
GO:0033138,P
GO:0042742,P
GO:0043124,P
GO:0043254,P
GO:0045087,P
GO:0050687,P
GO:0050728,P
GO:0050829,P
GO:0060335,P
GO:0061635,P
GO:0061739,P
GO:0061762,P
GO:0065003,P
GO:0070431,P
GO:0071211,P
GO:0071222,P
GO:0098586,P
GO:0160049,P
GO:1900226,P
GO:1901098,P
GO:1901526,P
GO:1904417,P
GO:1905673,P
GO:0000421,C
GO:0000139,C
GO:0005794,C
GO:0006366,P
GO:0045893,P
GO:0005229,F
GO:0005254,F
GO:0005262,F
GO:0015267,F
GO:0019869,F
GO:0034220,P
GO:1902476,P
GO:0006954,P
GO:0010628,P
GO:0032956,P
GO:0042475,P
GO:0043547,P
GO:0060054,P
GO:0071944,C
GO:0099512,C
GO:0072583,P
GO:0140144,C
GO:0140149,C
GO:0001561,P
GO:0061631,F
GO:0032981,P
GO:0005759,C
GO:0030316,P
GO:0003779,F
GO:0005085,F
GO:0030334,P
GO:2000114,P
GO:0009922,F
GO:0019367,P
GO:0034626,P
GO:0035338,P
GO:0042761,P
GO:0001501,P
GO:0001654,P
GO:0006801,P
GO:0007507,P
GO:0022617,P
GO:0060348,P
GO:0072657,P
GO:0005543,F
GO:0007007,P
GO:0035108,P
GO:0061024,P
GO:0097749,P
GO:0005814,C
GO:0030061,C
GO:0097546,C
GO:0008285,P
GO:0016798,F
GO:0019213,F
GO:0140293,F
GO:0006974,P
GO:0042278,P
GO:0051725,P
GO:0140291,P
GO:0036464,C
GO:0003009,P
GO:0098535,P
GO:0016529,C
GO:0042383,C
GO:0048471,C
GO:0098536,C
GO:0000149,F
GO:0006890,P
GO:2000623,P
GO:0070939,C
GO:0008180,C
GO:0047992,F
GO:0019477,P
GO:0008017,F
GO:0000132,P
GO:0001578,P
GO:0007020,P
GO:0007052,P
GO:0007080,P
GO:0032465,P
GO:0090307,P
GO:1902850,P
GO:1903564,P
GO:1905349,P
GO:0001917,C
GO:0005813,C
GO:0005819,C
GO:0005930,C
GO:0030496,C
GO:0034451,C
GO:0036064,C
GO:0000049,F
GO:0005506,F
GO:0102524,F
GO:0031591,P
GO:0036379,C
GO:0036373,F
GO:0033088,P
GO:0090090,P
GO:0005777,C
GO:0060339,P
GO:0047349,F
GO:0070567,F
GO:0035269,P
GO:0001540,F
GO:0030162,P
GO:1902004,P
GO:0005802,C
GO:0019843,F
GO:1902775,P
GO:0141039,F
GO:0042176,P
GO:0045022,P
GO:0070613,P
GO:2000344,P
GO:0001669,C
GO:0004521,F
GO:0046872,F
GO:0008334,P
GO:0031124,P
GO:1900087,P
GO:0071140,P
GO:0004520,F
GO:0000723,P
GO:0006302,P
GO:0031297,P
GO:0043596,C
GO:0000781,C
GO:1905347,C
GO:0015220,F
GO:0015871,P
GO:0001725,C
GO:0005925,C
GO:0051015,F
GO:0072562,C
GO:0170007,F
GO:0034389,P
GO:0030247,F
GO:0005768,C
GO:0048306,F
GO:0016236,P
GO:0036258,P
GO:0039702,P
GO:0000813,C
GO:0007368,P
GO:0036158,P
GO:0003341,P
GO:0007288,P
GO:0030317,P
GO:0097225,C
GO:0006508,P
GO:0008233,F
GO:0032154,C
GO:0032587,C
GO:0050207,F
GO:0008611,P
GO:0022850,F
GO:0007210,P
GO:0055085,P
GO:0140227,P
GO:1904602,C
GO:0004535,F
GO:0019904,F
GO:0030331,F
GO:0042974,F
GO:0060090,F
GO:0070016,F
GO:0010606,P
GO:0017148,P
GO:0033147,P
GO:0035195,P
GO:0048387,P
GO:0060213,P
GO:0061014,P
GO:1900153,P
GO:2000036,P
GO:0030014,C
GO:0035499,P
GO:0016887,F
GO:0047730,F
GO:0102102,F
GO:0006548,P
GO:0045945,P
GO:0000126,C
GO:0001228,F
GO:0035050,P
GO:0038023,F
GO:0007338,P
GO:0007342,P
GO:0030509,P
GO:0001960,P
GO:0008063,P
GO:0032496,P
GO:0007283,P
GO:0008584,P
GO:0000121,F
GO:0008967,F
GO:0043136,F
GO:0006114,P
GO:0006650,P
GO:0045721,P
GO:0110052,P
GO:0000423,P
GO:0007160,P
GO:0007346,P
GO:0009986,C
GO:0005694,C
GO:0009267,P
GO:0051726,P
GO:0004222,F
GO:0017147,F
GO:0030178,P
GO:0031334,P
GO:0031090,C
GO:0044853,C
GO:0005319,F
GO:0019433,P
GO:0005902,C
GO:0010360,P
GO:0030335,P
GO:0090314,P
GO:0046624,F
GO:0006869,P
GO:0030148,P
GO:0034553,P
GO:0007009,P
GO:0055091,P
GO:0071709,P
GO:0097035,P
GO:0032991,C
GO:0106333,C
GO:0062105,F
GO:0001650,C
GO:0031428,C
GO:0009048,P
GO:0043584,P
GO:0045739,P
GO:2000042,P
GO:2001034,P
GO:0001740,C
GO:0035861,C
GO:0034618,F
GO:0061700,C
GO:1903577,P
GO:0090630,P
GO:0032695,P
GO:0032696,P
GO:0032731,P
GO:0032733,P
GO:0032755,P
GO:0032760,P
GO:0043410,P
GO:0050729,P
GO:0050867,P
GO:0051928,P
GO:0061098,P
GO:0051255,P
GO:0051233,C
GO:0008289,F
GO:0042953,P
GO:0097228,C
GO:0097229,C
GO:0001666,P
GO:0035278,P
GO:0035331,P
GO:0043565,F
GO:0071424,F
GO:0070475,P
GO:0180026,P
GO:0034708,C
GO:0005879,C
GO:0070059,P
GO:0047613,F
GO:0002760,P
GO:0006952,P
GO:0072573,P
GO:0033819,F
GO:0009107,P
GO:0009249,P
GO:0005912,C
GO:0000981,F
GO:0030225,P
GO:0045121,C
GO:0005179,F
GO:0002528,P
GO:0002675,P
GO:0030155,P
GO:0010801,P
GO:0032435,P
GO:1902915,P
GO:0140311,F
GO:0062026,P
GO:1900426,P
GO:0030336,P
GO:0051013,P
GO:0031252,C
GO:0031012,C
GO:0005589,C
GO:0008380,P
GO:0046676,P
GO:0030282,P
GO:0060349,P
GO:0004984,F
GO:0070374,P
GO:0070740,F
GO:0018095,P
GO:0000922,C
GO:0004197,F
GO:0004843,F
GO:0051607,P
GO:0071108,P
GO:0070735,F
GO:0018094,P
GO:0005881,C
GO:0097731,C
GO:1990756,F
GO:0006515,P
GO:0043161,P
GO:0140958,P
GO:2000627,P
GO:0031463,C
GO:0050890,P
GO:0005635,C
GO:0006351,P
GO:0000145,C
GO:0043014,F
GO:0006887,P
GO:0031274,P
GO:0032456,P
GO:0034314,P
GO:0042147,P
GO:0005770,C
GO:0071203,C
GO:0030414,F
GO:0052548,P
GO:0003713,F
GO:0019902,F
GO:0051702,P
GO:0061436,P
GO:0001533,C
GO:0003690,F
GO:0000712,P
GO:0031398,P
GO:0036297,P
GO:0000785,C
GO:0000939,C
GO:0043240,C
GO:0071821,C
GO:0060037,P
GO:0002253,P
GO:0060170,C
GO:0034464,C
GO:0043292,C
GO:0030395,F
GO:0070234,P
GO:0016278,F
GO:0016279,F
GO:0006099,P
GO:0018023,P
GO:0018026,P
GO:0018027,P
GO:0007098,P
GO:0072686,C
GO:0140034,F
GO:0042177,P
GO:0006914,P
GO:0008333,P
GO:1990172,P
GO:0010945,F
GO:0009062,P
GO:0005782,C
GO:0005267,F
GO:0022414,P
GO:0071805,P
GO:0036126,C
GO:0030020,F
GO:0042564,C
GO:0002191,P
GO:0062073,C
GO:0004962,F
GO:0038085,F
GO:0038084,P
GO:0086100,P
GO:0018812,F
GO:0102158,F
GO:0030034,P
GO:0032420,C
GO:0016247,F
GO:0035725,P
GO:0098659,P
GO:0098908,P
GO:0001518,C
GO:0007601,P
GO:0034329,P
GO:0045198,P
GO:0007517,P
GO:0140684,F
GO:0140760,F
GO:0016239,P
GO:0032007,P
GO:0051494,P
GO:0034987,F
GO:2000515,P
GO:0035579,C
GO:0070821,C
GO:0005242,F
GO:0008308,F
GO:0043123,P
GO:0051452,P
GO:0030660,C
GO:0032580,C
GO:0160193,F
GO:0090324,P
GO:0043484,P
GO:2000632,P
GO:0048255,P
GO:1902416,P
GO:0000725,P
GO:0006301,P
GO:0030544,F
GO:0002605,P
GO:2001139,P
GO:0006622,P
GO:0007032,P
GO:0030027,C
GO:0030175,C
GO:0055037,C
GO:0070160,C
GO:0010717,P
GO:0010494,C
GO:0014728,P
GO:0090076,P
GO:0004303,F
GO:0047045,F
GO:0047655,F
GO:0047886,F
GO:0052650,F
GO:0006703,P
GO:0001819,P
GO:0043320,P
GO:0030174,P
GO:0044458,P
GO:1902017,P
GO:0097250,P
GO:0045876,P
GO:0016925,P
GO:0030578,P
GO:2001114,P
GO:0008284,P
GO:0048524,P
GO:0031647,P
GO:0043065,P
GO:0042127,P
GO:0140042,P
GO:0005125,F
GO:0007260,P
GO:1990062,C
GO:1902412,P
GO:0090543,C
GO:0034242,P
GO:0004531,F
GO:0043277,P
GO:0005764,C
GO:0008610,P
GO:0008609,F
GO:0005778,C
GO:0005876,C
GO:0003774,F
GO:0000226,P
GO:0007019,P
GO:0120103,C
GO:0004674,F
GO:0004712,F
GO:0005246,F
GO:0015459,F
GO:0017080,F
GO:0017081,F
GO:0008217,P
GO:0035556,P
GO:0070294,P
GO:1901796,P
GO:0016607,C
GO:0004137,F
GO:0004797,F
GO:0019206,F
GO:0006139,P
GO:0043097,P
GO:0042813,F
GO:0046982,F
GO:0007399,P
GO:0043524,P
GO:2000179,P
GO:0000398,P
GO:0006405,P
GO:0006406,P
GO:0045824,P
GO:0046832,P
GO:0098641,F
GO:0006979,P
GO:0005856,C
GO:0015629,C
GO:0030018,C
GO:0000062,F
GO:0036042,F
GO:0052816,F
GO:0015937,P
GO:0036114,P
GO:0036116,P
GO:0051792,P
GO:1900535,P
GO:0004930,F
GO:0016494,F
GO:0007186,P
GO:0030595,P
GO:0048247,P
GO:0070098,P
GO:0097021,P
GO:0005102,F
GO:0031267,F
GO:0006612,P
GO:2000810,P
GO:0009925,C
GO:0016328,C
GO:0016461,C
GO:0031941,C
GO:0009620,P
GO:0061760,P
GO:0072659,P
GO:0140374,P
GO:0141111,P
GO:0140522,F
GO:0005484,F
GO:0019905,F
GO:0002553,P
GO:0006906,P
GO:0043316,P
GO:0099638,P
GO:0001772,C
GO:0030670,C
GO:0042581,C
GO:0042582,C
GO:0031201,C
GO:0007005,P
GO:0019966,F
GO:0035591,F
GO:0030833,P
GO:0030854,P
GO:0038158,P
GO:0042981,P
GO:0043066,P
GO:0051897,P
GO:0071345,P
GO:0110053,P
GO:1903146,P
GO:1903747,P
GO:0005758,C
GO:0005667,C
GO:0004725,F
GO:0140793,F
GO:0007501,P
GO:0008016,P
GO:0003755,F
GO:0036004,F
GO:0140309,F
GO:0051604,P
GO:0070585,P
GO:0008009,F
GO:0031728,F
GO:0048018,F
GO:0001938,P
GO:0006935,P
GO:0007010,P
GO:0007165,P
GO:0007267,P
GO:0008360,P
GO:0030838,P
GO:0048245,P
GO:0060326,P
GO:0003746,F
GO:0005525,F
GO:1904678,F
GO:0002181,P
GO:0071025,P
GO:0005249,F
GO:0005272,F
GO:0022841,F
GO:0006813,P
GO:0060075,P
GO:0016324,C
GO:0008076,C
GO:0034705,C
GO:0032673,P
GO:0032674,P
GO:0034134,P
GO:0034142,P
GO:0097029,P
GO:1900744,P
GO:0005534,F
GO:0030246,F
GO:0048030,F
GO:0070492,F
GO:0002519,P
GO:0002826,P
GO:0007565,P
GO:0010629,P
GO:0032682,P
GO:0032689,P
GO:0032720,P
GO:0032729,P
GO:0032735,P
GO:0032736,P
GO:0032753,P
GO:0032757,P
GO:0038066,P
GO:0043305,P
GO:0045953,P
GO:0046007,P
GO:0046598,P
GO:0051132,P
GO:0060135,P
GO:0070241,P
GO:0070371,P
GO:0070555,P
GO:0071346,P
GO:0071636,P
GO:0071639,P
GO:1901224,P
GO:2000406,P
GO:2000510,P
GO:2000562,P
GO:2000563,P
GO:2000670,P
GO:2001190,P
GO:2001200,P
GO:0043312,P
GO:0045955,P
GO:0070527,P
GO:0031091,C
GO:0070820,C
GO:0001855,F
GO:0004252,F
GO:0001867,P
GO:0008320,F
GO:0006605,P
GO:0006886,P
GO:0006892,P
GO:0006895,P
GO:0090160,P
GO:0031904,C
GO:0032588,C
GO:0030124,C
GO:0007155,P
GO:0019003,F
GO:0031489,F
GO:0045921,P
GO:0071985,P
GO:0005795,C
GO:0030140,C
GO:0031088,C
GO:0032585,C
GO:0042470,C
GO:0090200,P
GO:0019903,F
GO:0030742,F
GO:0032438,P
GO:0003676,F
GO:0004027,F
GO:0015485,F
GO:0036094,F
GO:0050294,F
GO:0051922,F
GO:1990239,F
GO:0008202,P
GO:0008203,P
GO:0045606,P
GO:0050427,P
GO:0031663,P
GO:0001530,F
GO:0001875,F
GO:0004888,F
GO:0002224,P
GO:0002755,P
GO:0006909,P
GO:0032497,P
GO:0032722,P
GO:0042116,P
GO:0071260,P
GO:0140052,P
GO:1900017,P
GO:1903974,P
GO:1904466,P
GO:1904646,P
GO:2000343,P
GO:0001891,C
GO:0009897,C
GO:0043235,C
GO:0046696,C
GO:0007266,P
GO:0030032,P
GO:0045785,P
GO:0048041,P
GO:0051017,P
GO:0003682,F
GO:0042393,F
GO:0050750,F
GO:0070064,F
GO:0010976,P
GO:0050714,P
GO:0030426,C
GO:0045202,C
GO:0005178,F
GO:0098792,P
GO:1904977,P
GO:0031410,C
GO:0003954,F
GO:0008137,F
GO:0006120,P
GO:0045271,C
GO:0050501,F
GO:0005975,P
GO:0030213,P
GO:1900106,P
GO:0036117,C
GO:0043541,C
GO:0002020,F
GO:0005035,F
GO:0008625,P
GO:0036462,P
GO:0097191,P
GO:0008066,F
GO:0007193,P
GO:0007196,P
GO:0001664,F
GO:0005184,F
GO:0043248,P
GO:0048863,P
GO:0034774,C
GO:1904813,C
GO:0000502,C
GO:0022624,C
GO:0005838,C
GO:0008540,C
GO:0070682,P
GO:0004842,F
GO:0007417,P
GO:1904380,P
GO:0005524,F
GO:0036122,F
GO:0046332,F
GO:0098821,F
GO:0030501,P
GO:0045669,P
GO:0071773,P
GO:1990712,C
GO:0007166,P
GO:0030667,C
GO:0005507,F
GO:0016530,F
GO:0016531,F
GO:0032767,F
GO:1903136,F
GO:0006825,P
GO:0006878,P
GO:2000121,P
GO:0048019,F
GO:0007218,P
GO:0032098,P
GO:0032100,P
GO:0060259,P
GO:0106072,P
GO:0005796,C
GO:0004435,F
GO:0015057,F
GO:0007596,P
GO:0009611,P
GO:0030168,P
GO:0002076,P
GO:0045668,P
GO:0000400,F
GO:0000403,F
GO:0000976,F
GO:0051219,F
GO:0070412,F
GO:0009411,P
GO:0010332,P
GO:0030511,P
GO:0045064,P
GO:0045786,P
GO:0045815,P
GO:0045892,P
GO:0046329,P
GO:0005788,C
GO:0016363,C
GO:0017053,C
GO:0035097,C
GO:0044665,C
GO:0071339,C
GO:0003714,F
GO:0019789,F
GO:0032183,F
GO:0061665,F
GO:0031519,C
GO:0035102,C
GO:0045048,P
GO:0071816,P
GO:0043529,C
GO:0005496,F
GO:0020037,F
GO:0006783,P
GO:0140077,P
GO:1903078,P
GO:0140870,F
GO:0006368,P
GO:0032785,P
GO:0032786,P
GO:0032968,P
GO:0160239,P
GO:0032044,C
GO:0001046,F
GO:0016251,F
GO:0017162,F
GO:0006352,P
GO:0006367,P
GO:0042789,P
GO:0051123,P
GO:0060261,P
GO:0005669,C
GO:0033276,C
GO:0050544,F
GO:0010447,P
GO:1902511,P
GO:0060703,F
GO:1900118,P
GO:0000977,F
GO:0090575,C
GO:0005546,F
GO:0006915,P
GO:0048268,P
GO:0005154,F
GO:0005200,F
GO:0030276,F
GO:0032051,F
GO:0032266,F
GO:0035254,F
GO:0035612,F
GO:0035615,F
GO:0043325,F
GO:0080025,F
GO:0045742,P
GO:0048260,P
GO:0097190,P
GO:0099637,P
GO:2000588,P
GO:0030136,C
GO:0098793,C
GO:0098794,C
GO:0031093,C
GO:0001895,P
GO:0050766,P
GO:0050908,P
GO:0042995,C
GO:0044877,F
GO:0006821,P
GO:0045174,F
GO:0005903,C
GO:0031982,C
GO:0003743,F
GO:0140492,F
GO:0006413,P
GO:0075522,P
GO:0005852,C
GO:0005245,F
GO:0070588,P
GO:0005891,C
GO:0019870,F
GO:0061629,F
GO:0006858,P
GO:0042391,P
GO:0045746,P
GO:0046718,P
GO:0051865,P
GO:1903765,P
GO:0000151,C
GO:0004672,F
GO:0016301,F
GO:0106310,F
GO:0000082,P
GO:0010571,P
GO:0010971,P
GO:0044770,P
GO:0045171,C
GO:0031431,C
GO:0030855,P
GO:0051879,F
GO:0070888,F
GO:0007623,P
GO:0032922,P
GO:0042634,P
GO:0042753,P
GO:0051775,P
GO:1901985,P
GO:1990513,C
GO:0016303,F
GO:0046934,F
GO:0001779,P
GO:0002551,P
GO:0002679,P
GO:0010595,P
GO:0010818,P
GO:0030101,P
GO:0030217,P
GO:0031295,P
GO:0033031,P
GO:0035747,P
GO:0035754,P
GO:0042110,P
GO:0042113,P
GO:0043303,P
GO:0043491,P
GO:0050852,P
GO:0050853,P
GO:0060374,P
GO:0072672,P
GO:1905278,P
GO:0005943,C
GO:0006086,P
GO:0004742,F
GO:0045254,C
GO:0005415,F
GO:0015212,F
GO:0015213,F
GO:0015389,F
GO:1901474,F
GO:0015861,P
GO:0015862,P
GO:0045117,P
GO:0072531,P
GO:0180015,P
GO:1901642,P
GO:0051923,P
GO:0004062,F
GO:0008146,F
GO:0009308,P
GO:0120216,C
GO:0005313,F
GO:0005314,F
GO:0015501,F
GO:0001504,P
GO:0006835,P
GO:0006836,P
GO:0006865,P
GO:0030878,P
GO:0048538,P
GO:0060022,P
GO:0060023,P
GO:0160093,P
GO:0003964,F
GO:0009036,F
GO:0032197,P
GO:0090304,P
GO:0003756,F
GO:0016971,F
GO:0016972,F
GO:0071949,F
GO:0016242,P
GO:0085029,P
GO:0035580,C
GO:1904724,C
GO:0008521,F
GO:0035348,P
GO:0030695,F
GO:0008154,P
GO:0030041,P
GO:1903526,P
GO:2000402,P
GO:0030666,C
GO:0004114,F
GO:0004115,F
GO:0004118,F
GO:0008270,F
GO:0030552,F
GO:0030553,F
GO:0030911,F
GO:0042301,F
GO:0047555,F
GO:0036006,P
GO:0043116,P
GO:0043117,P
GO:0046069,P
GO:0071320,P
GO:0071321,P
GO:0071560,P
GO:1904613,P
GO:0007095,P
GO:0005095,F
GO:0061608,F
GO:0002753,P
GO:0006606,P
GO:0006607,P
GO:0006610,P
GO:0005643,C
GO:0000175,F
GO:0003899,F
GO:0006264,P
GO:0006390,P
GO:0006391,P
GO:0042645,C
GO:0004686,F
GO:0005516,F
GO:0008135,F
GO:0006414,P
GO:0046777,P
GO:0004950,F
GO:0042379,F
GO:0048020,F
GO:0035145,C
GO:0048025,P
GO:0050684,P
GO:0000118,C
GO:0061574,C
GO:0015630,C
GO:0015631,F
GO:0007420,P
GO:0005875,C
GO:0048027,F
GO:1990247,F
GO:0001817,P
GO:0006412,P
GO:0009653,P
GO:0070934,P
GO:0007029,P
GO:0000266,P
GO:0099073,C
GO:0016559,P
GO:0043653,P
GO:0048312,P
GO:0051259,P
GO:0090023,P
GO:0090141,P
GO:0090149,P
GO:1901524,P
GO:0012505,C
GO:0003963,F
GO:0035005,F
GO:0006661,P
GO:0006897,P
GO:0007173,P
GO:0008286,P
GO:0014829,P
GO:0048008,P
GO:0090050,P
GO:0046601,P
GO:0007099,P
GO:0120098,C
GO:0120099,C
GO:0007268,P
GO:0016167,F
GO:1904399,F
GO:0007169,P
GO:0035860,P
GO:0019898,C
GO:0016358,P
GO:0050672,P
GO:0007518,P
GO:0001784,F
GO:0030971,F
GO:0010506,P
GO:0043409,P
GO:0005801,C
GO:0030133,C
GO:0030139,C
GO:0004567,F
GO:0009313,P
GO:0035577,C
GO:0043202,C
GO:0031996,F
GO:0023035,P
GO:0033209,P
GO:0043236,F
GO:0007213,P
GO:0043113,P
GO:0045162,P
GO:0050808,P
GO:0005604,C
GO:0140148,C
GO:0033823,F
GO:0006493,P
GO:0008475,F
GO:0032964,P
GO:0030867,C
GO:0042795,P
GO:0008023,C
GO:0005436,F
GO:0015143,F
GO:0015562,F
GO:0019534,F
GO:0022857,F
GO:0042910,F
GO:0015747,P
GO:0015760,P
GO:0046415,P
GO:1990961,P
GO:0002456,P
GO:0050798,P
GO:0008206,P
GO:0001221,F
GO:0004879,F
GO:0006338,P
GO:0006355,P
GO:0009792,P
GO:0045070,P
GO:0045277,C
GO:0008237,F
GO:0061133,F
GO:0061578,F
GO:0070628,F
GO:0000724,P
GO:0006303,P
GO:0016241,P
GO:0016579,P
GO:0061136,P
GO:0070536,P
GO:0008541,C
GO:1990275,F
GO:1903026,P
GO:0019828,F
GO:0048156,F
GO:0051087,F
GO:0070063,F
GO:0006997,P
GO:0010564,P
GO:0033292,P
GO:0045664,P
GO:0048711,P
GO:0060988,P
GO:1902430,P
GO:0030424,C
GO:0060987,C
GO:0090571,C
GO:0030864,C
GO:0003151,P
GO:0007043,P
GO:0007179,P
GO:0007612,P
GO:0016525,P
GO:0035633,P
GO:0060021,P
GO:0060325,P
GO:1903142,P
GO:1903348,P
GO:1990963,P
GO:0005911,C
GO:0005923,C
GO:0016327,C
GO:0140142,F
GO:0006468,P
GO:0032874,P
GO:0034599,P
GO:0036481,P
GO:0051645,P
GO:0051683,P
GO:0090168,P
GO:0141162,P
GO:0090443,C
GO:0008234,F
GO:0017015,P
GO:1990907,C
GO:0005198,F
GO:0017064,F
GO:0019369,P
GO:0001937,P
GO:0007264,P
GO:0010596,P
GO:0033622,P
GO:0045454,P
GO:2000352,P
GO:0006364,P
GO:0008283,P
GO:0000463,P
GO:0000466,P
GO:0042273,P
GO:0030687,C
GO:0070545,C
GO:0005112,F
GO:0030957,F
GO:0007219,P
GO:0030154,P
GO:0032693,P
GO:0097150,P
GO:0008331,F
GO:0007204,P
GO:0050804,P
GO:1904645,P
GO:0005109,F
GO:0045545,F
GO:0002091,P
GO:0010718,P
GO:0030307,P
GO:0042327,P
GO:0046330,P
GO:1903543,P
GO:1903553,P
GO:0035578,C
GO:1903561,C
GO:0008526,F
GO:0070300,F
GO:0120014,F
GO:0015914,P
GO:1902633,P
GO:1902648,P
GO:0005811,C
GO:0042274,P
GO:0032040,C
GO:0034457,C
GO:0030515,F
GO:1990226,F
GO:0005732,C
GO:0070761,C
GO:0022627,C
GO:0003678,F
GO:0003724,F
GO:0003729,F
GO:0008134,F
GO:0008143,F
GO:0008190,F
GO:0017111,F
GO:0031369,F
GO:0033592,F
GO:0035613,F
GO:0043015,F
GO:0043024,F
GO:0043273,F
GO:0007059,P
GO:0009615,P
GO:0016055,P
GO:0030308,P
GO:0031333,P
GO:0032481,P
GO:0032727,P
GO:0032728,P
GO:0034063,P
GO:0034157,P
GO:0034161,P
GO:0036493,P
GO:0042256,P
GO:0045727,P
GO:0045948,P
GO:0055088,P
GO:0070131,P
GO:0071243,P
GO:0071470,P
GO:0071651,P
GO:0090263,P
GO:0097193,P
GO:1901223,P
GO:1902042,P
GO:1902523,P
GO:1903608,P
GO:2001243,P
GO:0015026,F
GO:0019079,P
GO:0033897,F
GO:0006401,P
GO:0001768,P
GO:0001954,P
GO:0002407,P
GO:0031529,P
GO:0033630,P
GO:0035759,P
GO:0038120,P
GO:0051209,P
GO:0051491,P
GO:0071380,P
GO:0141214,P
GO:1903237,P
GO:2000147,P
GO:2000529,P
GO:2000669,P
GO:0033829,F
GO:0007389,P
GO:0140319,F
GO:0005884,C
GO:0004890,F
GO:0022851,F
GO:0033634,P
GO:0001726,C
GO:0033691,F
GO:0038187,F
GO:0002752,P
GO:0034394,P
GO:0043654,P
GO:0046597,P
GO:1903028,P
GO:0106139,C
GO:1905370,C
GO:0007229,P
GO:0030513,P
GO:0033690,P
GO:0070372,P
GO:1990757,F
GO:0007031,P
GO:0016558,P
GO:0016562,P
GO:0034614,P
GO:0006796,P
GO:0006814,P
GO:0030224,P
GO:0003712,F
GO:0008127,F
GO:0007586,P
GO:0000268,F
GO:1901894,P
GO:1901895,P
GO:0033017,C
GO:1902894,P
GO:1905461,P
GO:0006470,P
GO:0004722,F
GO:0048208,P
GO:0002062,P
GO:0045599,P
GO:0060070,P
GO:0071425,P
GO:0004550,F
GO:0140339,F
GO:0160204,F
GO:1901612,F
GO:0009116,P
GO:0034214,P
GO:0120010,P
GO:0047374,F
GO:0052689,F
GO:0106435,F
GO:0006693,P
GO:0050784,P
GO:0071273,P
GO:0098754,P
GO:0043231,C
GO:0004559,F
GO:0006516,P
GO:0000578,P
GO:0001502,P
GO:0007409,P
GO:0007548,P
GO:0021846,P
GO:0035115,P
GO:0035116,P
GO:0035313,P
GO:0036465,P
GO:0042733,P
GO:0048864,P
GO:0050768,P
GO:0051247,P
GO:0051965,P
GO:0060071,P
GO:0060997,P
GO:0062009,P
GO:0099054,P
GO:0099068,P
GO:1904861,P
GO:1904891,P
GO:1905386,P
GO:1905606,P
GO:2000463,P
GO:0098978,C
GO:0042132,F
GO:0006000,P
GO:0006094,P
GO:0044389,F
GO:0010458,P
GO:0010994,P
GO:0031145,P
GO:0031536,P
GO:0045842,P
GO:0070936,P
GO:0070979,P
GO:1904668,P
GO:0005680,C
GO:0003989,F
GO:0006084,P
GO:0051289,P
GO:0055089,P
GO:0008478,F
GO:0030170,F
GO:0030955,F
GO:0031402,F
GO:0031403,F
GO:0009443,P
GO:0004768,F
GO:0016491,F
GO:0032896,F
GO:0006636,P
GO:0042169,F
GO:0022604,P
GO:0090303,P
GO:0008195,F
GO:0042392,F
GO:0042577,F
GO:0106235,F
GO:0006644,P
GO:0006670,P
GO:0006672,P
GO:0007200,P
GO:0030149,P
GO:0030518,P
GO:0046839,P
GO:0070097,F
GO:0033631,P
GO:0034112,P
GO:1902533,P
GO:1904906,P
GO:0016323,C
GO:0033116,C
GO:0070971,C
GO:0016922,F
GO:0140658,F
GO:0016514,C
GO:0043425,F
GO:0005159,F
GO:0008269,F
GO:0140031,F
GO:0007259,P
GO:0009968,P
GO:0032355,P
GO:0032870,P
GO:0060396,P
GO:0060400,P
GO:0031466,C
GO:0007422,P
GO:0043652,P
GO:1903428,P
GO:0070182,F
GO:0016581,C
GO:0015204,F
GO:0015250,F
GO:0015254,F
GO:0006833,P
GO:0015793,P
GO:0009055,F
GO:0005740,C
GO:0045273,C
GO:0005001,F
GO:0008013,F
GO:0045294,F
GO:0045295,F
GO:0097677,F
GO:0007156,P
GO:0071354,P
GO:1904893,P
GO:0098592,C
GO:0032541,C
GO:0071763,P
GO:0050870,P
GO:0005905,C
GO:0031005,F
GO:0004860,F
GO:0046426,P
GO:0072540,P
GO:0010498,P
GO:0004129,F
GO:0004365,F
GO:0045821,P
GO:0061621,P
GO:0044183,F
GO:0071889,F
GO:0006457,P
GO:0045766,P
GO:0044571,P
GO:0099128,C
GO:0140575,F
GO:0140576,P
GO:0030507,F
GO:0047496,P
GO:0000776,C
GO:0005868,C
GO:0001223,F
GO:0030165,F
GO:0030291,F
GO:0097110,F
GO:0000281,P
GO:0032467,P
GO:0140150,C
GO:0008420,F
GO:0032399,F
GO:0008064,P
GO:0032452,F
GO:0005834,C
GO:0030036,P
GO:0035646,P
GO:0140916,P
GO:0015035,F
GO:0016532,F
GO:0045041,P
GO:1902694,C
GO:0008201,F
GO:0045236,F
GO:0048248,F
GO:0007189,P
GO:0051281,P
GO:0030505,P
GO:0004081,F
GO:0004528,F
GO:0034432,F
GO:0036219,F
GO:0036221,F
GO:0047429,F
GO:0047693,F
GO:0047710,F
GO:0106177,F
GO:0006220,P
GO:0009143,P
GO:0046034,P
GO:0009887,P
GO:0021915,P
GO:0032436,P
GO:0032880,P
GO:0034504,P
GO:0035567,P
GO:0043005,C
GO:1901798,P
GO:0045334,C
GO:0120316,P
GO:0031514,C
GO:0097729,C
GO:0140002,F
GO:0043923,P
GO:0000228,C
GO:0005216,F
GO:0015271,F
GO:0044548,F
GO:0071468,P
GO:0006888,P
GO:0006891,P
GO:0012507,C
GO:2000008,P
GO:0008092,F
GO:0019894,F
GO:0140662,F
GO:0000338,P
GO:0031175,P
GO:0045104,P
GO:0048489,P
GO:0048499,P
GO:0051584,P
GO:1900244,P
GO:0008021,C
GO:0006986,P
GO:0031985,C
GO:0006509,P
GO:0004175,F
GO:0007162,P
GO:0010820,P
GO:0034612,P
GO:0042117,P
GO:0042985,P
GO:0042987,P
GO:0046931,P
GO:0051089,P
GO:1903265,P
GO:0005798,C
GO:0097038,C
GO:0097060,C
GO:0097197,C
GO:0046930,C
GO:0015420,F
GO:0009235,P
GO:0015889,P
GO:0061676,F
GO:0010499,P
GO:0004364,F
GO:0004602,F
GO:0043295,F
GO:0050220,F
GO:0001516,P
GO:0140945,F
GO:0033148,P
GO:0043627,P
GO:0044666,C
GO:0005092,F
GO:0002043,P
GO:0006469,P
GO:0016477,P
GO:0032091,P
GO:0032148,P
GO:0035148,P
GO:0035924,P
GO:0043087,P
GO:0044344,P
GO:0045747,P
GO:0051895,P
GO:0070373,P
GO:0090051,P
GO:0090315,P
GO:0097746,P
GO:1900025,P
GO:0030488,P
GO:0008175,F
GO:0016428,F
GO:0006400,P
GO:0000166,F
GO:0140608,F
GO:0072432,P
GO:0043293,C
GO:0089720,F
GO:0140036,F
GO:0030490,P
GO:0039534,P
GO:0045089,P
GO:0070651,P
GO:0071359,P
GO:1990116,P
GO:1990786,P
GO:0022626,C
GO:0030688,C
GO:0008877,F
GO:0008934,F
GO:0047954,F
GO:0052832,F
GO:0052833,F
GO:0052834,F
GO:0010226,P
GO:0032206,P
GO:0004708,F
GO:0008545,F
GO:0051019,F
GO:0006970,P
GO:0007254,P
GO:0009408,P
GO:0038095,P
GO:0051403,P
GO:0090398,P
GO:0003986,F
GO:0016289,F
GO:0047617,F
GO:0052815,F
GO:0006637,P
GO:0006699,P
GO:0010561,P
GO:0033540,P
GO:0036109,P
GO:0043649,P
GO:0003881,F
GO:0010698,F
GO:0048487,F
GO:1903333,P
GO:0035246,P
GO:0002039,F
GO:0008168,F
GO:0008327,F
GO:0016274,F
GO:0035243,F
GO:0042054,F
GO:0043021,F
GO:0044020,F
GO:0140938,F
GO:0000387,P
GO:0006353,P
GO:0007088,P
GO:0042118,P
GO:0090161,P
GO:1904992,P
GO:0034709,C
GO:0031698,F
GO:0031799,F
GO:0031800,F
GO:0070851,F
GO:0099103,F
GO:0007097,P
GO:0008361,P
GO:0022612,P
GO:0030033,P
GO:0045199,P
GO:0045930,P
GO:0051898,P
GO:0097291,P
GO:2001244,P
GO:0016605,C
GO:0003720,F
GO:0003968,F
GO:0034061,F
GO:0042162,F
GO:0070034,F
GO:0098680,F
GO:0001172,P
GO:0006278,P
GO:0007004,P
GO:0022616,P
GO:0030177,P
GO:0030422,P
GO:0070200,P
GO:0071456,P
GO:0071897,P
GO:0090399,P
GO:0140745,P
GO:1902895,P
GO:1904751,P
GO:2000773,P
GO:2001240,P
GO:0000333,C
GO:0000783,C
GO:0005697,C
GO:0031379,C
GO:1990572,C
GO:0003824,F
GO:0004745,F
GO:0047023,F
GO:0047024,F
GO:0047044,F
GO:0006710,P
GO:0062175,P
GO:0035402,F
GO:0000077,P
GO:0006260,P
GO:0006281,P
GO:0010569,P
GO:0042770,P
GO:0044818,P
GO:0045787,P
GO:0045839,P
GO:0046602,P
GO:0070317,P
GO:0000794,C
GO:0036463,F
GO:0002357,P
GO:0034976,P
GO:0007214,P
GO:1902711,C
GO:0045931,P
GO:0110024,P
GO:0047341,F
GO:0006004,P
GO:0042350,P
GO:0008236,F
GO:0008240,F
GO:0035727,F
GO:0120146,F
GO:0006629,P
GO:0043171,P
GO:0045453,P
GO:0070198,P
GO:0031682,F
GO:0007212,P
GO:1902773,C
GO:0003711,F
GO:0044390,F
GO:0006397,P
GO:0034244,P
GO:0007057,P
GO:0008315,P
GO:0051298,P
GO:0051310,P
GO:0140483,F
GO:0000070,P
GO:0000278,P
GO:0008608,P
GO:0051315,P
GO:0090267,P
GO:0000775,C
GO:0000940,C
GO:0031262,C
GO:0005871,C
GO:0006930,P
GO:0005021,F
GO:0019838,F
GO:0001525,P
GO:0007411,P
GO:0014911,P
GO:0032489,P
GO:0035729,P
GO:0035767,P
GO:0038189,P
GO:0038190,P
GO:0048010,P
GO:0048012,P
GO:0051496,P
GO:0051894,P
GO:0060627,P
GO:1900026,P
GO:0002548,P
GO:0019221,P
GO:0045672,P
GO:0045780,P
GO:0140367,P
GO:0034361,C
GO:0034364,C
GO:0008467,F
GO:0006024,P
GO:0015012,P
GO:0008083,F
GO:0045662,P
GO:0046716,P
GO:0048632,P
GO:0061450,P
GO:0060478,P
GO:0071333,P
GO:0048786,C
GO:0034062,F
GO:0071667,F
GO:0006383,P
GO:0006384,P
GO:0006386,P
GO:0042797,P
GO:0005666,C
GO:1990081,F
GO:0007265,P
GO:0000164,C
GO:0017157,P
GO:0070554,C
GO:0003357,P
GO:0071542,P
GO:0004198,F
GO:0003823,F
GO:0140756,F
GO:0005839,C
GO:0019773,C
GO:1901800,P
GO:1902254,P
GO:0031435,F
GO:0070301,P
GO:2001234,P
GO:0008198,F
GO:0031406,F
GO:0031418,F
GO:0048244,F
GO:0006103,P
GO:0006720,P
GO:0097089,P
GO:0017168,F
GO:0045125,F
GO:0032024,P
GO:0032691,P
GO:0070542,P
GO:0071398,P
GO:0071466,P
GO:0002218,P
GO:0070269,P
GO:0140970,P
GO:1904270,P
GO:0061702,C
GO:0097169,C
GO:0005385,F
GO:0009636,P
GO:0071577,P
GO:0012506,C
GO:1902495,C
GO:0098531,F
GO:0047323,F
GO:0009083,P
GO:0045252,C
GO:0004464,F
GO:0006692,P
GO:0019370,P
GO:0000245,P
GO:0000375,P
GO:0097504,C
GO:0032797,C
GO:0034719,C
GO:2000045,P
GO:1902455,P
GO:1904948,P
GO:2000009,P
GO:0048023,P
GO:0005938,C
GO:0097016,F
GO:0008384,F
GO:1990459,F
GO:0002223,P
GO:0002479,P
GO:0007249,P
GO:0010803,P
GO:0018105,P
GO:0034121,P
GO:0034138,P
GO:0035666,P
GO:0070498,P
GO:0071356,P
GO:1900016,P
GO:1903140,P
GO:1903347,P
GO:0008385,C
GO:0008277,P
GO:0030150,P
GO:0061734,P
GO:0005744,C
GO:0004402,F
GO:0043997,F
GO:0061733,F
GO:0140218,F
GO:0006335,P
GO:0006475,P
GO:0051276,P
GO:0140375,F
GO:0002429,P
GO:0008037,P
GO:0045954,P
GO:0042296,F
GO:0061653,F
GO:0032020,P
GO:0036211,P
GO:0004385,F
GO:0001953,P
GO:0010839,P
GO:0061045,P
GO:0090288,P
GO:0005652,C
GO:0004630,F
GO:0006654,P
GO:0038096,P
GO:0038134,P
GO:0038135,P
GO:0038138,P
GO:0030297,F
GO:0009299,P
GO:0030216,P
GO:0042060,P
GO:0043616,P
GO:0045740,P
GO:0045860,P
GO:0048146,P
GO:0050680,P
GO:0051151,P
GO:0030669,C
GO:0045275,C
GO:0006091,P
GO:0140314,F
GO:0002027,P
GO:0005513,P
GO:0006874,P
GO:0006941,P
GO:0010649,P
GO:0010881,P
GO:0051258,P
GO:0060048,P
GO:0071313,P
GO:0014701,C
GO:0033018,C
GO:0034704,C
GO:0010324,P
GO:0010642,P
GO:0030948,P
GO:0043405,P
GO:0097013,C
GO:0033565,C
GO:0097421,P
GO:0140677,F
GO:0000086,P
GO:0007051,P
GO:0010389,P
GO:0045840,P
GO:0046605,P
GO:0061523,P
GO:0031616,C
GO:0097431,C
GO:0019209,F
GO:0070840,F
GO:0001921,P
GO:0007030,P
GO:0007416,P
GO:0009617,P
GO:0010977,P
GO:0044788,P
GO:0050862,P
GO:0090316,P
GO:1905503,P
GO:1990748,P
GO:0005773,C
GO:0097708,C
GO:0004857,F
GO:0019208,F
GO:0043086,P
GO:0072357,C
GO:0044539,P
GO:0004467,F
GO:0005324,F
GO:0031957,F
GO:0050197,F
GO:0070251,F
GO:0001676,P
GO:0006635,P
GO:0046949,P
GO:0006898,P
GO:0034067,P
GO:0072318,P
GO:1905443,P
GO:0042978,F
GO:1902269,P
GO:0006611,P
GO:0005049,F
GO:0000054,P
GO:0000055,P
GO:0000056,P
GO:0006913,P
GO:0032434,P
GO:0042254,P
GO:0005642,C
GO:1990904,C
GO:0035562,P
GO:0008094,F
GO:0005388,F
GO:0006816,P
GO:0008637,P
GO:0031448,P
GO:0032470,P
GO:0032471,P
GO:0051561,P
GO:0051659,P
GO:0070509,P
GO:1903779,P
GO:0031095,C
GO:0000285,F
GO:0016308,F
GO:0052742,F
GO:0052810,F
GO:0051896,P
GO:0001931,C
GO:0007269,P
GO:0032228,P
GO:0022011,P
GO:0035025,P
GO:2000291,P
GO:0016192,P
GO:0008091,C
GO:0006893,P
GO:0021762,P
GO:1990390,P
GO:0030215,F
GO:0021828,P
GO:0071526,P
GO:0042800,F
GO:1902036,P
GO:1902275,P
GO:0048188,C
GO:0071558,F
GO:0004438,F
GO:0004439,F
GO:0034485,F
GO:0034596,F
GO:0043813,F
GO:0052629,F
GO:0046488,P
GO:0048488,P
GO:0008307,F
GO:0017166,F
GO:0005882,C
GO:0043034,C
GO:0045111,C
GO:0060053,C
GO:1905762,F
GO:0016601,P
GO:0003777,F
GO:0008574,F
GO:0007100,P
GO:0008089,P
GO:0036372,P
GO:0042073,P
GO:0072383,P
GO:0005873,C
GO:0016939,C
GO:0006177,P
GO:0006189,P
GO:0044208,P
GO:0097294,P
GO:0004642,F
GO:0009168,P
GO:0010573,P
GO:0016485,P
GO:0030199,P
GO:0097435,P
GO:1900748,P
GO:0051011,F
GO:0070201,P
GO:0019888,F
GO:0008287,C
GO:0004526,F
GO:0097745,P
GO:0030678,C
GO:0034713,F
GO:0070411,F
GO:0070697,F
GO:0140416,F
GO:0010719,P
GO:0030512,P
GO:0030514,P
GO:0031503,P
GO:0032926,P
GO:0032984,P
GO:0034333,P
GO:0034616,P
GO:0060392,P
GO:0060395,P
GO:1904886,P
GO:2000049,P
GO:0038061,P
GO:0071044,P
GO:0120020,F
GO:0009101,P
GO:0030301,P
GO:0031579,P
GO:0032365,P
GO:0032367,P
GO:0033344,P
GO:0042632,P
GO:0090120,P
GO:0090150,P
GO:0098574,C
GO:0035136,P
GO:0003272,P
GO:0008595,P
GO:0030539,P
GO:0030540,P
GO:0030879,P
GO:0032275,P
GO:0046884,P
GO:0048332,P
GO:0060317,P
GO:0060931,P
GO:1905072,P
GO:2000137,P
GO:0003841,F
GO:0001961,P
GO:0042284,F
GO:0050251,F
GO:0006686,P
GO:0006688,P
GO:0043217,P
GO:0046513,P
GO:0098554,C
GO:0010467,P
GO:0043537,P
GO:0048014,P
GO:0050820,P
GO:0050928,P
GO:0015031,P
GO:0055038,C
GO:0160041,F
GO:0005885,C
GO:0010592,P
GO:0070358,P
GO:0004713,F
GO:0007528,P
GO:0045211,C
GO:0008047,F
GO:0030330,P
GO:1901797,P
GO:0007398,P
GO:0006360,P
GO:0006362,P
GO:0005736,C
GO:0001618,F
GO:0004518,F
GO:0017124,F
GO:0017128,F
GO:0032791,F
GO:0042609,F
GO:0045340,F
GO:0010288,P
GO:0017121,P
GO:0035456,P
GO:0045071,P
GO:0050765,P
GO:0070782,P
GO:1905820,P
GO:2000373,P
GO:0034056,F
GO:0140118,F
GO:0030163,P
GO:0071391,P
GO:0120283,F
GO:0045732,P
GO:1904885,P
GO:0030877,C
GO:0003707,F
GO:0060612,P
GO:0003007,P
GO:0007498,P
GO:0060379,P
GO:0044615,C
GO:0070390,C
GO:0005003,F
GO:0006879,P
GO:0034341,P
GO:0043011,P
GO:0070842,P
GO:1901990,P
GO:0016235,C
GO:0051131,P
GO:1905907,P
GO:0016272,C
GO:0006749,P
GO:0019957,F
GO:0019958,F
GO:0070100,P
GO:0001671,F
GO:0016287,F
GO:0004502,F
GO:0016174,F
GO:0006569,P
GO:0019674,P
GO:0034446,P
GO:0048705,P
GO:0043259,C
GO:0043260,C
GO:1990339,C
GO:1990340,C
GO:0005201,F
GO:0017151,F
GO:1902280,P
GO:2000622,P
GO:0005681,C
GO:0071006,C
GO:0071007,C
GO:0071020,C
GO:0003735,F
GO:0005761,C
GO:0005763,C
GO:0051591,P
GO:1903749,P
GO:0005275,F
GO:0005277,F
GO:0005326,F
GO:0008504,F
GO:0015132,F
GO:0015179,F
GO:0015214,F
GO:0015234,F
GO:0015489,F
GO:0015651,F
GO:0061459,F
GO:0015732,P
GO:0015837,P
GO:0015847,P
GO:0015870,P
GO:0042908,P
GO:0051608,P
GO:0051610,P
GO:0051615,P
GO:0051620,P
GO:0071934,P
GO:0072530,P
GO:0089718,P
GO:0090494,P
GO:0097638,P
GO:0140115,P
GO:1902475,P
GO:0015697,P
GO:0015888,P
GO:0010880,P
GO:0035437,P
GO:0038024,F
GO:0097020,F
GO:0032368,P
GO:0030134,C
GO:0005793,C
GO:0031731,F
GO:0031640,P
GO:0050832,P
GO:0061844,P
GO:0004707,F
GO:0034644,P
GO:0071347,P
GO:0072709,P
GO:0072740,P
GO:1903936,P
GO:0007026,P
GO:1904504,P
GO:0004758,F
GO:0006665,P
GO:0046512,P
GO:0017059,C
GO:0031432,F
GO:0051373,F
GO:0070080,F
GO:0003300,P
GO:0007512,P
GO:0014898,P
GO:0030240,P
GO:0030241,P
GO:0035994,P
GO:0035995,P
GO:0045214,P
GO:0048769,P
GO:0050982,P
GO:0055003,P
GO:0055008,P
GO:0055013,P
GO:1990733,C
GO:0003684,F
GO:0005547,F
GO:0008375,F
GO:0097363,F
GO:0006110,P
GO:0007584,P
GO:0031397,P
GO:0032868,P
GO:0035020,P
GO:0045862,P
GO:0046626,P
GO:0060544,P
GO:0160076,P
GO:1904263,P
GO:0000123,C
GO:0017122,C
GO:0044545,C
GO:0016165,F
GO:0050473,F
GO:0010744,P
GO:0045926,P
GO:0071926,P
GO:1901696,P
GO:2001303,P
GO:0009314,P
GO:0035970,P
GO:0045814,P
GO:0060260,P
GO:0007216,P
GO:0009584,P
GO:1905665,P
GO:0005175,F
GO:0004615,F
GO:0009298,P
GO:0003697,F
GO:0006310,P
GO:0007131,P
GO:0005657,C
GO:0033063,C
GO:0006359,P
GO:0016316,F
GO:0017161,F
GO:0052828,F
GO:0043647,P
GO:0046961,F
GO:1902600,P
GO:0035372,P
GO:0008301,F
GO:0010468,P
GO:0060044,P
GO:0097371,F
GO:0006298,P
GO:0008630,P
GO:0042771,P
GO:1901248,P
GO:0008544,P
GO:0030858,P
GO:0008188,F
GO:0008528,F
GO:0031072,F
GO:0036505,F
GO:0042277,F
GO:0042923,F
GO:0001958,P
GO:0098808,F
GO:0001732,P
GO:0075525,P
GO:0006446,P
GO:0008028,F
GO:0015718,P
GO:0010832,P
GO:0001222,F
GO:0004407,F
GO:0030332,F
GO:0033558,F
GO:0042826,F
GO:0051059,F
GO:0140229,F
GO:0141221,F
GO:0160008,F
GO:0160009,F
GO:0160010,F
GO:0160216,F
GO:0006325,P
GO:0006476,P
GO:0032008,P
GO:0042307,P
GO:0051225,P
GO:0060633,P
GO:0071498,P
GO:0140861,P
GO:0160020,P
GO:0000176,C
GO:0032092,P
GO:1904749,P
GO:1905323,P
GO:0004084,F
GO:0052654,F
GO:0052655,F
GO:0052656,F
GO:0009082,P
GO:0101003,C
GO:0032133,C
GO:1990713,C
GO:0016540,P
GO:0098670,P
GO:0007158,P
GO:0004970,F
GO:0004972,F
GO:0022849,F
GO:0097553,P
GO:0098655,P
GO:0017146,C
GO:0001916,P
GO:0051640,P
GO:0070925,P
GO:0098876,P
GO:1902685,P
GO:0021757,P
GO:0021758,P
GO:0021987,P
GO:0062072,F
GO:0140463,F
GO:0071168,P
GO:0141005,P
GO:0015650,F
GO:0050833,F
GO:0035873,P
GO:1901475,P
GO:0005375,F
GO:0015080,F
GO:0015677,P
GO:0015679,P
GO:0030001,P
GO:0036324,P
GO:1902601,P
GO:0030659,C
GO:0008559,F
GO:0015164,F
GO:0015431,F
GO:0015432,F
GO:0042626,F
GO:0071714,F
GO:0140359,F
GO:0006855,P
GO:0015721,P
GO:0071716,P
GO:0032310,P
GO:0001409,F
GO:0015216,F
GO:0034634,F
GO:1905948,F
GO:0002576,P
GO:0070730,P
GO:0015232,F
GO:0015865,P
GO:0034775,P
GO:0035351,P
GO:0070731,P
GO:0098838,P
GO:1901264,P
GO:0031735,F
GO:0006361,P
GO:0009303,P
GO:0000120,C
GO:0043330,P
GO:0003725,F
GO:0090594,P
GO:0097527,P
GO:0036020,C
GO:1990391,C
GO:0004656,F
GO:0003828,F
GO:0008373,F
GO:0042056,F
GO:0007154,P
GO:0008466,F
GO:0005978,P
GO:0141193,P
GO:0051977,P
GO:0003847,F
GO:0004623,F
GO:0006658,P
GO:0010884,P
GO:0023019,P
GO:0032308,P
GO:0034374,P
GO:0034638,P
GO:0043030,P
GO:0046337,P
GO:0046470,P
GO:0046471,P
GO:0046473,P
GO:0062234,P
GO:0019706,F
GO:0160321,F
GO:0008142,F
GO:0006695,P
GO:0032933,P
GO:0036315,P
GO:0036316,P
GO:0045541,P
GO:1901303,P
GO:0032937,C
GO:0005665,C
GO:0006473,P
GO:0009648,P
GO:0071479,P
GO:2001237,P
GO:0008303,C
GO:0031264,C
GO:0097342,C
GO:0008543,P
GO:0050677,P
GO:0050918,P
GO:0060428,P
GO:0060447,P
GO:0005104,F
GO:0005111,F
GO:0001656,P
GO:0001823,P
GO:0007431,P
GO:0010634,P
GO:0032781,P
GO:0032808,P
GO:0046579,P
GO:0046877,P
GO:0048754,P
GO:0050671,P
GO:0050673,P
GO:0050674,P
GO:0050679,P
GO:0050731,P
GO:0051549,P
GO:0060430,P
GO:0061033,P
GO:0070075,P
GO:0071338,P
GO:0045591,P
GO:0006289,P
GO:1901291,P
GO:0004519,F
GO:0008534,F
GO:0032357,F
GO:0034039,F
GO:0006284,P
GO:0044029,P
GO:0045007,P
GO:0045008,P
GO:0004498,F
GO:0062185,F
GO:0006766,P
GO:0030500,P
GO:0033280,P
GO:0042359,P
GO:0055074,P
GO:0070314,P
GO:0070564,P
GO:1901755,P
GO:0004676,F
GO:0016004,F
GO:0043274,F
GO:0019722,P
GO:0032869,P
GO:0043122,P
GO:0043536,P
GO:0071364,P
GO:0097700,P
GO:0141124,P
GO:1903672,P
GO:1905564,P
GO:0120025,C
GO:0042288,F
GO:0042605,F
GO:0046978,F
GO:0046979,F
GO:0062061,F
GO:0002398,P
GO:0002502,P
GO:0098553,C
GO:0042824,C
GO:0061779,C
GO:0019900,F
GO:0009649,P
GO:0051260,P
GO:0071005,C
GO:0071018,C
GO:0006936,P
GO:0098632,F
GO:0003406,P
GO:0045217,P
GO:0070830,P
GO:0090559,P
GO:0150111,P
GO:2000186,P
GO:0043296,C
GO:0032651,P
GO:0071641,P
GO:0015269,F
GO:0022894,F
GO:0030322,P
GO:0044351,P
GO:1901381,P
GO:1905664,P
GO:0071008,C
GO:0008186,F
GO:0005689,C
GO:0071014,C
GO:0034499,P
GO:0004482,F
GO:0006370,P
GO:0031533,C
GO:0160130,C
GO:0070579,F
GO:0140777,F
GO:0032006,P
GO:2000003,P
GO:0031931,C
GO:0031932,C
GO:0110078,C
GO:0017154,F
GO:0051493,P
GO:0002116,C
GO:1903450,P
GO:0000183,P
GO:0042149,P
GO:0046015,P
GO:0072332,P
GO:0097009,P
GO:0033553,C
GO:0005677,C
GO:0061773,C
GO:0004862,F
GO:0034137,P
GO:0141163,P
GO:1900745,P
GO:0050421,F
GO:0006809,P
GO:1903958,C
GO:0006396,P
GO:0015030,C
GO:0046540,C
GO:0071001,C
GO:0071011,C
GO:0071016,C
GO:0097525,C
GO:0001574,P
GO:0006491,P
GO:0009100,P
GO:0009311,P
GO:0097503,P
GO:0001972,F
GO:0008401,F
GO:0016709,F
GO:0019825,F
GO:0062183,F
GO:0034653,P
GO:0042573,P
GO:0004617,F
GO:0006564,P
GO:0001932,P
GO:0072593,P
GO:0051497,P
GO:0043522,F
GO:0001959,P
GO:0140003,F
GO:0035098,C
GO:0042562,F
GO:0098691,C
GO:0097227,C
GO:0031105,C
GO:0015174,F
GO:0015190,F
GO:1903801,P
GO:0007492,P
GO:0016070,P
GO:0030520,P
GO:0004020,F
GO:0004781,F
GO:0000103,P
GO:0050428,P
GO:0042752,P
GO:1990000,P
GO:0042692,P
GO:0043517,P
GO:0019237,F
GO:0007094,P
GO:0007096,P
GO:0034501,P
GO:0051321,P
GO:0005828,C
GO:1990423,C
GO:0004657,F
GO:0016649,F
GO:0006562,P
GO:0019470,P
GO:1903376,P
GO:0004867,F
GO:0004555,F
GO:0005993,P
GO:0004709,F
GO:0106137,F
GO:0008378,F
GO:0008489,F
GO:0016266,P
GO:0045585,P
GO:0071013,C
GO:0022408,P
GO:2000146,P
GO:0004866,F
GO:0034235,F
GO:0016255,P
GO:0180046,P
GO:0042765,C
GO:0008140,F
GO:0006940,P
GO:0051893,P
GO:2000145,P
GO:0048495,F
GO:0050681,F
GO:2000060,P
GO:0001025,F
GO:0016197,P
GO:0098982,C
GO:0099634,C
GO:1902018,P
GO:0004016,F
GO:0005080,F
GO:0003091,P
GO:0006171,P
GO:0007191,P
GO:0007192,P
GO:0071377,P
GO:0071870,P
GO:1904322,P
GO:0000184,P
GO:0003785,F
GO:0000828,F
GO:0000829,F
GO:0033857,F
GO:0052723,F
GO:0015265,F
GO:0140070,F
GO:0071918,P
GO:7770019,P
GO:7770020,P
GO:0008349,F
GO:1990450,F
GO:0000165,P
GO:0002726,P
GO:0007252,P
GO:0032743,P
GO:0035872,P
GO:0038172,P
GO:0038173,P
GO:0043408,P
GO:0043507,P
GO:0140672,C
GO:1902554,C
GO:0001936,P
GO:1903670,P
GO:0009266,P
GO:2000546,P
GO:0005113,F
GO:0007224,P
GO:2000774,P
GO:0017101,C
GO:0030274,F
GO:0070427,P
GO:0071225,P
GO:0034260,P
GO:0071277,P
GO:0022008,P
GO:0000244,P
GO:0015036,F
GO:0032977,F
GO:0045050,P
GO:0072546,C
GO:0005518,F
GO:1904315,F
GO:0007215,P
GO:0099538,P
GO:1900454,P
GO:0098839,C
GO:0043812,F
GO:0052658,F
GO:0052866,F
GO:0102091,F
GO:0031161,P
GO:0046856,P
GO:1902634,P
GO:1904980,P
GO:0017134,F
GO:0010507,P
GO:0000339,F
GO:0016281,C
GO:0048703,P
GO:0060017,P
GO:0016018,F
GO:0004558,F
GO:0004574,F
GO:0000025,P
GO:0005983,P
GO:1901027,P
GO:0140537,F
GO:0030968,P
GO:0031293,P
GO:0036500,P
GO:0045540,P
GO:0045542,P
GO:0070977,P
GO:0008757,F
GO:0046974,F
GO:0140258,F
GO:0140947,F
GO:0140949,F
GO:0031507,P
GO:0031508,P
GO:0044725,P
GO:0070828,P
GO:0000792,C
GO:0005721,C
GO:1990948,F
GO:0034605,P
GO:0035458,P
GO:0035694,P
GO:0071300,P
GO:0071363,P
GO:0097194,P
GO:1900119,P
GO:2001241,P
GO:1990841,F
GO:0007500,P
GO:0032717,P
GO:0034115,P
GO:0035166,P
GO:0045429,P
GO:0046985,P
GO:0060761,P
GO:0071499,P
GO:1904998,P
GO:2000134,P
GO:2000342,P
GO:0098654,C
GO:0004032,F
GO:0019119,F
GO:0006081,P
GO:0044597,P
GO:0044598,P
GO:0042805,F
GO:0045494,P
GO:0060042,P
GO:0060219,P
GO:0072112,P
GO:0072139,P
GO:2000768,P
GO:0042622,C
GO:1904778,P
GO:0008332,F
GO:0008821,F
GO:0033065,C
GO:0031669,P
GO:0061462,P
GO:1900182,P
GO:0071986,C
GO:1990877,C
GO:0008532,F
GO:0030311,P
GO:0015020,F
GO:0018146,P
GO:0043542,P
GO:2001238,P
GO:0015108,F
GO:0015111,F
GO:0015116,F
GO:0140900,F
GO:0015698,P
GO:0015705,P
GO:1902358,P
GO:0005522,F
GO:0008093,F
GO:0090554,F
GO:0090556,F
GO:0140326,F
GO:0140345,F
GO:0032534,P
GO:0045176,P
GO:0045332,P
GO:2001225,P
GO:1990531,C
GO:0071385,P
GO:1902237,P
GO:1903896,P
GO:2000271,P
GO:0097136,C
GO:0045648,P
GO:0034246,F
GO:0006417,P
GO:0043525,P
GO:0022843,F
GO:0030506,F
GO:0016232,F
GO:0008209,P
GO:0008210,P
GO:0070410,F
GO:0070698,F
GO:0003180,P
GO:0007352,P
GO:0031589,P
GO:0034125,P
GO:0045444,P
GO:0000722,P
GO:0010824,P
GO:0090656,P
GO:0090657,P
GO:0090737,P
GO:0042148,P
GO:0003810,F
GO:0016010,C
GO:0016012,C
GO:0043027,F
GO:0002947,C
GO:0140368,C
GO:0030159,F
GO:0050863,P
GO:0051301,P
GO:0008432,F
GO:0004089,F
GO:0055064,P
GO:0051018,F
GO:0008104,P
GO:0001731,P
GO:0002188,P
GO:0032790,P
GO:0070992,C
GO:0006409,P
GO:1900747,P
GO:0070694,F
GO:0006195,P
GO:0009159,P
GO:0043174,P
GO:0001764,P
GO:0004966,F
GO:0017046,F
GO:0007188,P
GO:0007611,P
GO:0007631,P
GO:0090663,P
GO:0040037,P
GO:0016499,F
GO:0051480,P
GO:0030008,C
GO:0033629,P
GO:0001837,P
GO:0003198,P
GO:0010957,P
GO:0014032,P
GO:0032331,P
GO:0032642,P
GO:0035921,P
GO:0043473,P
GO:0043518,P
GO:0045667,P
GO:0070563,P
GO:1902230,P
GO:2000811,P
GO:0180020,F
GO:0001778,P
GO:0019076,P
GO:0031468,P
GO:0043162,P
GO:0045184,P
GO:0046761,P
GO:0061952,P
GO:0090148,P
GO:0097352,P
GO:1901673,P
GO:1902774,P
GO:1903723,P
GO:1904930,C
GO:0000815,C
GO:0030117,C
GO:0042102,P
GO:0033130,F
GO:0099601,P
GO:0039532,P
GO:0005662,C
GO:0000974,C
GO:0000022,P
GO:0070938,C
GO:0001965,F
GO:0051983,P
GO:1990047,C
GO:0140597,F
GO:0140995,F
GO:0007063,P
GO:2000720,P
GO:0033597,C
GO:0005901,C
GO:0006068,P
GO:0006576,P
GO:0009812,P
GO:0018958,P
GO:0042403,P
GO:0001882,F
GO:0031490,F
GO:0030050,P
GO:0035357,P
GO:0048384,P
GO:0098871,C
GO:0031143,C
GO:0016034,F
GO:0006559,P
GO:0016435,F
GO:0070476,P
GO:2000234,P
GO:0043527,C
GO:0031571,P
GO:1990050,F
GO:0090201,P
GO:1902166,P
GO:2001140,P
GO:0032543,P
GO:0070681,P
GO:0030956,C
GO:0160004,F
GO:1903241,P
GO:1990166,P
GO:0005684,C
GO:0030663,C
GO:0046923,F
GO:0002230,P
GO:0070534,P
GO:0097400,P
GO:0031234,C
GO:0048193,P
GO:0004679,F
GO:0031588,C
GO:0010922,P
GO:0070886,P
GO:0090533,C
GO:0043323,P
GO:1904288,F
GO:1904293,P
GO:1904294,P
GO:2000059,P
GO:0016992,F
GO:0050796,P
GO:0008200,F
GO:0005476,F
GO:0006853,P
GO:0004816,F
GO:0046983,F
GO:0006418,P
GO:0006421,P
GO:0030218,P
GO:0035063,P
GO:0035617,P
GO:0080135,P
GO:1902751,P
GO:1903008,P
GO:1903432,P
GO:0000242,C
GO:0045095,C
GO:0140678,F
GO:0000146,F
GO:0048675,P
GO:0140060,P
GO:0000295,F
GO:0005347,F
GO:0015217,F
GO:0015228,F
GO:0015230,F
GO:0044610,F
GO:0051724,F
GO:0080122,F
GO:0015867,P
GO:0015908,P
GO:1901679,P
GO:0035925,F
GO:0051262,P
GO:0051290,P
GO:0110104,P
GO:0180010,P
GO:0042382,C
GO:0005847,C
GO:0005849,C
GO:0051721,F
GO:0034511,F
GO:0030016,C
GO:0004415,F
GO:0033906,F
GO:0030214,P
GO:0046677,P
GO:0051216,P
GO:0071493,P
GO:0001750,C
GO:0034237,F
GO:0001541,P
GO:0044839,P
GO:0043023,F
GO:0031314,C
GO:0008499,F
GO:0006678,P
GO:0009312,P
GO:0015152,F
GO:0061513,F
GO:0035435,P
GO:1901346,P
GO:1903053,P
GO:0004449,F
GO:0006102,P
GO:0045242,C
GO:0048408,F
GO:0051044,P
GO:0010765,P
GO:0031440,P
GO:0038166,P
GO:0051592,P
GO:0044233,C
GO:0006968,P
GO:0060100,P
GO:0005345,F
GO:0015211,F
GO:0015860,P
GO:0032238,P
GO:0035340,P
GO:1904823,P
GO:0090026,P
GO:1902236,P
GO:0004177,F
GO:0001888,F
GO:0016500,F
GO:0016757,F
GO:0045617,P
GO:0106015,P
GO:0003688,F
GO:0006270,P
GO:0006275,P
GO:0000808,C
GO:0005664,C
GO:0002222,P
GO:0002228,P
GO:0002274,P
GO:0030889,P
GO:0034241,P
GO:0097242,P
GO:2000010,P
GO:0005161,F
GO:0005172,F
GO:0050930,P
GO:0060754,P
GO:0045130,F
GO:0005976,P
GO:0006012,P
GO:0006790,P
GO:0002509,P
GO:0032391,C
GO:0031724,F
GO:0035768,P
GO:2000545,P
GO:0060152,P
GO:0140567,F
GO:0006625,P
GO:0043335,P
GO:1904949,C
GO:0008278,C
GO:0030892,C
GO:0001758,F
GO:0008106,F
GO:0016616,F
GO:0047718,F
GO:0001523,P
GO:0016488,P
GO:0110095,P
GO:0070701,C
GO:0045039,P
GO:0042719,C
GO:0048013,P
GO:0043130,F
GO:0044828,P
GO:0007585,P
GO:0006937,P
GO:0043069,P
GO:0005521,F
GO:0033173,P
GO:0017095,F
GO:0048666,P
GO:0016592,C
GO:0031092,C
GO:0005105,F
GO:0097180,C
GO:0019005,C
GO:0033132,P
GO:0031624,F
GO:0097602,F
GO:1990381,F
GO:1990444,F
GO:0000422,P
GO:0006513,P
GO:0010636,P
GO:0010821,P
GO:0010906,P
GO:0014059,P
GO:0031396,P
GO:0032232,P
GO:0034620,P
GO:0035519,P
GO:0042053,P
GO:0042417,P
GO:0044314,P
GO:0051582,P
GO:0060828,P
GO:0071287,P
GO:0085020,P
GO:0097237,P
GO:0099074,P
GO:1900407,P
GO:1902530,P
GO:1903351,P
GO:1903377,P
GO:1903542,P
GO:1904049,P
GO:1905091,P
GO:1905366,P
GO:1905477,P
GO:2000377,P
GO:2000378,P
GO:0097413,C
GO:1990452,C
GO:0140751,F
GO:0006334,P
GO:1905213,P
GO:0000793,C
GO:0016589,C
GO:0016590,C
GO:0031213,C
GO:0090535,C
GO:0110016,C
GO:0032099,P
GO:0098804,C
GO:0032418,P
GO:0006996,P
GO:0070102,P
GO:0032993,C
GO:2000772,P
GO:0045744,P
GO:0048022,P
GO:0003382,P
GO:0090162,P
GO:0045177,C
GO:0061689,C
GO:1990477,C
GO:0120170,F
GO:1905504,P
GO:0003727,F
GO:0034458,F
GO:0010923,P
GO:0140351,F
GO:1903527,P
GO:0140523,F
GO:0008053,P
GO:0019896,P
GO:0042407,P
GO:0046039,P
GO:1990627,P
GO:0010484,F
GO:0016446,P
GO:0016973,P
GO:0034728,P
GO:0016079,P
GO:0098609,P
GO:1900425,P
GO:0000835,C
GO:0071480,P
GO:0032453,F
GO:0032454,F
GO:0035575,F
GO:0043426,F
GO:0050660,F
GO:0061752,F
GO:0140457,F
GO:0140682,F
GO:0140683,F
GO:0002052,P
GO:0060765,P
GO:0160217,P
GO:0046328,P
GO:1904693,P
GO:0010667,P
GO:0045820,P
GO:0062099,P
GO:1902902,P
GO:1903862,P
GO:1905897,P
GO:0007292,P
GO:2000870,P
GO:0099507,F
GO:0042759,P
GO:0000248,F
GO:0016213,F
GO:0045485,F
GO:0062076,F
GO:0008654,P
GO:0043651,P
GO:0046456,P
GO:0009612,P
GO:0022829,F
GO:0012501,P
GO:1990890,F
GO:0048842,P
GO:0004571,F
GO:1904381,P
GO:0150032,P
GO:0001947,P
GO:0030324,P
GO:0035469,P
GO:0071907,P
GO:0071910,P
GO:0047676,F
GO:0090433,F
GO:0006631,P
GO:0030904,C
GO:1905394,F
GO:0022615,P
GO:0030111,P
GO:0051224,P
GO:0070676,P
GO:2000642,P
GO:0032009,C
GO:0031528,C
GO:0017022,F
GO:0032836,P
GO:0035418,P
GO:0036060,P
GO:0072015,P
GO:0102571,F
GO:0006044,P
GO:0006517,P
GO:0071880,P
GO:1900152,P
GO:2000767,P
GO:0070937,C
GO:0097452,C
GO:0106002,C
GO:0008476,F
GO:0006478,P
GO:0043687,P
GO:1990403,P
GO:0003831,F
GO:0003945,F
GO:0035250,F
GO:0001572,P
GO:0051168,P
GO:0072344,P
GO:0140708,P
GO:1990112,C
GO:0001818,P
GO:0019915,P
GO:0050995,P
GO:0160077,P
GO:0008446,F
GO:0070401,F
GO:0019673,P
GO:0042351,P
GO:0004379,F
GO:0018030,F
GO:0018008,P
GO:0022400,P
GO:0075733,P
GO:0061575,F
GO:0097322,F
GO:0140693,F
GO:0000079,P
GO:0008024,C
GO:0070691,C
GO:0141069,F
GO:0000902,P
GO:0030502,P
GO:0033689,P
GO:0046851,P
GO:0048263,P
GO:0060173,P
GO:0090291,P
GO:1900155,P
GO:1900158,P
GO:0050211,F
GO:0180062,P
GO:0005791,C
GO:0000340,F
GO:0045947,P
GO:0019085,P
GO:0019086,P
GO:0005149,F
GO:0034146,P
GO:0042495,P
GO:0042496,P
GO:0071223,P
GO:0071726,P
GO:0071727,P
GO:0035325,F
GO:0042497,F
GO:0042834,F
GO:0038123,P
GO:0038124,P
GO:0071221,P
GO:0035354,C
GO:0035355,C
GO:0032886,P
GO:0051279,P
GO:0071420,P
GO:0051084,P
GO:2000369,P
GO:0051552,P
GO:0030295,F
GO:0019992,F
GO:1905691,P
GO:0001790,F
GO:0002172,F
GO:0160006,P
GO:0005477,F
GO:0015129,F
GO:0015293,F
GO:0051598,P
GO:0030896,C
GO:0003887,F
GO:0006261,P
GO:0019985,P
GO:0042276,P
GO:0090734,C
GO:0016035,C
GO:1901731,P
GO:0010572,P
GO:0060391,P
GO:0004715,F
GO:0035401,F
GO:0010811,P
GO:0034332,P
GO:0035722,P
GO:0038043,P
GO:0038065,P
GO:0038155,P
GO:0038156,P
GO:0038157,P
GO:0038162,P
GO:0038163,P
GO:0038165,P
GO:0048861,P
GO:0050727,P
GO:0060333,P
GO:0060397,P
GO:0070120,P
GO:0070665,P
GO:0070671,P
GO:0070757,P
GO:0120186,P
GO:0019897,C
GO:0030526,C
GO:0004869,F
GO:1900053,P
GO:0075506,P
GO:1903902,P
GO:0036458,F
GO:0048870,P
GO:0003979,F
GO:0006065,P
GO:0033198,P
GO:0061337,P
GO:0008282,C
GO:0050859,P
GO:0002102,C
GO:0019212,F
GO:0010829,P
GO:0044331,P
GO:0099072,P
GO:0150107,P
GO:1902532,P
GO:1905554,P
GO:0016342,C
GO:0008273,F
GO:0004671,F
GO:0004622,F
GO:0016787,F
GO:0019731,P
GO:0035965,P
GO:0005248,F
GO:0003254,P
GO:0098855,C
GO:0005158,F
GO:1990460,F
GO:0072673,P
GO:0030905,C
GO:0007187,P
GO:0004667,F
GO:0007626,P
GO:0006506,P
GO:0043048,P
GO:0004582,F
GO:0006488,P
GO:0180047,P
GO:0033185,C
GO:0005815,C
GO:0031923,P
GO:0042723,P
GO:0010314,F
GO:0031593,F
GO:0032050,F
GO:0070853,F
GO:0061753,P
GO:0061909,P
GO:1904978,P
GO:0002227,P
GO:0000786,C
GO:0003873,F
GO:0004331,F
GO:0006003,P
GO:0006096,P
GO:0043540,C
GO:0000380,P
GO:0071360,P
GO:0032872,P
GO:0042594,P
GO:1903427,P
GO:0032212,P
GO:0090666,P
GO:1904867,P
GO:0009982,F
GO:0034513,F
GO:0000455,P
GO:0090669,P
GO:1904872,P
GO:1904874,P
GO:0031429,C
GO:0072589,C
GO:0090661,C
GO:0042255,P
GO:0061659,F
GO:0044790,P
GO:0001094,F
GO:0019216,P
GO:0043388,P
GO:0045446,P
GO:0050776,P
GO:0050860,P
GO:0070173,P
GO:0042026,P
GO:0008353,F
GO:0099122,F
GO:0106140,F
GO:0140008,F
GO:0140011,F
GO:0140012,F
GO:0140046,F
GO:0140055,F
GO:0140072,F
GO:0140119,F
GO:0021707,P
GO:0021895,P
GO:0030182,P
GO:0035023,P
GO:0048667,P
GO:0099149,P
GO:0001635,F
GO:0097643,F
GO:1990407,F
GO:0010560,P
GO:0031623,P
GO:0097647,P
GO:0150059,P
GO:1990408,P
GO:1990406,C
GO:0001605,F
GO:1990409,F
GO:0001570,P
GO:0150060,P
GO:1990410,P
GO:1903143,C
GO:0030545,F
GO:0050850,P
GO:0150061,P
GO:0150058,C
GO:0004767,F
GO:0008081,F
GO:0006685,P
GO:0004461,F
GO:0019886,P
